"Adak Island, Adak Airport ",PADK
Akun Airport ,PAUT
"Ambler, Ambler Airport ",PAFM
"Anaktuvuk Pass, Anaktuvuk Pass Airport ",PAKP
"Anchorage, Elmendorf Air Force Base ",PAED
"Anchorage, Lake Hood Seaplane Base ",PALH
"Anchorage, Merrill Field Airport ",PAMR
"Anchorage, Ted Stevens Anchorage International Airport ",PANC
Angoon ,PAGN
"Aniak, Aniak Airport ",PANI
Annette Island Airport ,PANT
"Anvik, Anvik Airport ",PANV
"Arctic Village, Arctic Village Airport ",PARC
"Atka, Atka Airport ",PAAK
Atqasuk ,PATQ
"Barrow, Wiley Post-Will Rogers Memorial Airport ",PABR
"Barter Island, Barter Island LRRS Airport ",PABA
"Bethel, Bethel Airport ",PABE
"Bettles, Bettles Airport ",PABT
"Birchwood, Birchwood Airport ",PABV
"Buckland, Buckland Airport ",PABL
"Chignik, Chignik Airport ",PAJC
"Chulitna, Chulitna Airport ",PAEC
Clarks Point Airport ,PFCL
"Cold Bay, Cold Bay Airport ",PACD
"Cordova, Merle K (Mudhole) Smith Airport",PACV
"Deadhorse, Alpine Airstrip ",PALP
"Deadhorse, Deadhorse Airport ",PASC
"Deering, Deering/New Airport ",PADE
"Delta Junction/Ft Greely, Allen Army Airfield ",PABI
"Dillingham, Dillingham Airport ",PADL
"Eagle, Eagle Airport ",PAEG
"Egegik, Egegik Airport ",PAII
"Emmonak, Emmonak Airport ",PAEM
"Eureka, Skelton Airport ",PAZK
"Fairbanks, Eielson Air Force Base ",PAEI
"Fairbanks, Fairbanks International Airport ",PAFA
Fort Wainwright AAF ,PAFB
"Fort Yukon, Fort Yukon Airport ",PFYU
"Ft. Richardson / Bryant U. S. Army Heliport, Ak ",PAFR
"Galena, Edward G. Pitka Sr. Airport ",PAGA
"Gambell, Gambell Airport ",PAGM
"Golovin, Golovin Airport ",PAGL
"Gulkana, Gulkana Airport ",PAGK
"Gustavus, Gustavus Airport ",PAGS
Haines - Haines Airport ,PAHN
"Homer, Homer Airport ",PAHO
Hoonah - Hoonah Seaplane Base ,PAOH
"Huslia, Huslia Airport ",PAHL
Hydaburg - Hydaburg Seaplane Base ,PAHY
Igiugig ,PAIG
"Iliamna, Iliamna Airport ",PAIL
"Juneau, Juneau International Airport ",PAJN
Kake - Kake Airport ,PAFE
Kalskag ,PALG
"Kaltag, Kaltag Airport ",PAKV
"Kenai, Kenai Municipal Airport ",PAEN
"Ketchikan, Ketchikan International Airport ",PAKT
Kinana / Bob Baker Me ,PAIK
"King Salmon, King Salmon Airport ",PAKN
"Kipnuk, Kipnuk Airport ",PAKI
"Kivalina, Kivalina Airport ",PAVL
Klawock - Klawock Airport ,PAKW
"Kodiak, Kodiak Airport ",PADQ
Koliganek ,PAJZ
"Kuparuk, Ugnu-Kuparuk Airport ",PAKU
Kwethluk Airport ,PFKW
Manokotak ,PAMB
Marshall ,PADM
"McGrath, McGrath Airport ",PAMC
"McKinley Park, McKinley National Park Airport ",PAIN
"Mekoryuk, Mekoryuk Airport ",PAMY
"Metlakatla, Metlakatla Seaplane Base ",PAMM
Middleton Island Airport ,PAMD
"Minchumina, Minchumina Airport ",PAMH
Mountain Village ,PAMO
Napakiak Airport ,PANA
Nelson Lagoon ,PAOU
Nenana Municipal Airport ,PANN
New Stuyahok ,PANW
Nikolai ,PAFS
"Noatak, Noatak Airport ",PAWN
"Nome, Nome Airport ",PAOM
Noorvik ,PFNO
"Northway, Northway Airport ",PAOR
"Nuiqsut, Nuiqsut Airport ",PAQT
Nunapitchuk Airport ,PPIT
"Palmer, Palmer Municipal Airport ",PAAQ
Petersburg ,PAPG
Platinum ,PAPM
"Point Hope, Point Hope Airport ",PAPO
"Point Lay, Point Lay LRRS Airport ",PPIZ
Point Thomson Airstrip ,PAAD
"Port Heiden, Port Heiden Airport ",PAPH
"Portage, Portage Glacier ",PATO
Puntilla ,PAPT
Quinhagak Airport ,PAQH
Ralph Wien Memorial Airport ,PAOT
Ruby ,PARY
Russian Mission ,PARS
Sand Point ,PASD
Savoonga Airport ,PASA
Scammon Bay ,PACM
Selawik ,PASK
"Seldovia, Seldovia Airport ",PASO
Seward ,PAWD
Shageluk Airport ,PAHX
Shaktoolik Airport ,PFSH
"Shemya, Eareckson AFB ",PASY
"Shishmaref, Shishmaref Airport ",PASH
Sitka - Sitka Airport ,PASI
Skagway ,PAGY
Sleetmute ,PASL
Soldotna ,PASX
South Naknek Nr 2 Airport ,PFWS
St Michael ,PAMK
"St. George, St. George Airport ",PAPB
"St. Mary's, St. Mary's Airport ",PASM
"St. Paul Island, St. Paul Island Airport ",PASN
"Talkeetna, Talkeetna Airport ",PATK
"Tanana, Calhoun Memorial Airport ",PATA
"Togiac Village, Togiak Airport ",PATG
Toksook Bay ,PAOO
Unalakleet ,PAUN
"Unalaska, Unalaska Airport ",PADU
Valdez 2 ,PAVD
"Wainwright, Wainwright Airport ",PAWI
"Wasilla, Wasilla Airport ",PAWS
Wrangell ,PAWG
Yakutat ,PAYA
"Alabaster, Shelby County Airport ",KEET
"Albertville, Albertville Municipal Airport ",K8A0
"Alexander City, Thomas C Russell Field Airport ",KALX
"Andalusia, Andalusia-Opp Municipal Airport ",K79J
Anniston Metro Airport ,KANB
Auburn-Opelika Airport ,KAUO
Bessemer Airport ,KEKY
"Birmingham, Birmingham International Airport ",KBHM
Cairns Army Air Field / Ozark ,KOZR
Craig Field / Selma ,KSEM
Cullman Regional Folsom Field ,KCMD
"Decatur, Pryor Field ",KDCU
Demopolis Municipal Airport ,KDYA
"Dothan, Dothan Regional Airport ",KDHN
Enterprise Municipal Airport ,KEDN
Eufaula Municipal Airport ,KEUF
"Evergreen, Middleton Field ",KGZH
"Florala, Florala Municipal Airport ",K0J4
"Fort Payne, Isbell Field Airport ",K4A9
"Fort Rucker, Lowe Army Heliport ",KLOR
"Gadsden, Gadsden Municipal Airport ",KGAD
"Haleyville, Posey Field Airport ",K1M4
Hanchey AHP / Ozark ,KHEY
"Huntsville, Huntsville International / Jones Field ",KHSV
"Huntsville, Madison County Executive Airport ",KMDQ
Jack Edwards Airport ,KJKA
Jasper Walker County Airport & Bevill Field ,KJFX
Mac Crenshaw Memorial Airport ,KPRN
Maxwell Air Force Base / Montgomery ,KMXF
Merkel Field Sylacauga Municipal Airport ,KSCD
"Mobile, Mobile Downtown Airport ",KBFM
"Mobile, Mobile Regional Airport ",KMOB
"Montgomery, Dannelly Field ",KMGM
"Muscle Shoals, North West Alabama Regional Airport ",KMSL
Prattville - Grouby Field ,K1A9
Redstone Airfield ,KHUA
SCHELL AHP ,KSXS
Scottsboro Municipal Airport ,K4A6
Sonny Callahan Airport ,KCQF
St Clair County Airport ,KPLR
Talladega Municipal Airport ,KASN
"Troy, Troy Municipal Airport ",KTOI
Tuscaloosa Regional Airport ,KTCL
Vaiden Fld Airport ,KA08
"Batesville, Batesville Regional Airport ",KBVX
Baxter County Airport ,KBPK
"Bentonville, Bentonville Municipal Airport/Louise M Thaden Field ",KVBT
"Blytheville, Blytheville Municipal Airport ",KHKA
Camden / Harrell Field ,KCDH
Clinton Memorial Airfield ,KCCA
Conway - Cantrell Field ,KCXW
Corning Municipal Airport ,K4M9
"De Queen, J Lynn Helms Sevier County Airport ",KDEQ
Dexter B Florence Memorial Field ,KADF
Eaker Air Force Base ,KBYH
"Fayetteville, Drake Field ",KFYV
"Flippin, Marion County Regional Airport ",KFLP
Fort Smith Regional Airport ,KFSM
"Harrison, Boone County Airport ",KHRO
"Hot Springs, Memorial Field Airport ",KHOT
"Jonesboro, Jonesboro Municipal Airport ",KJBR
Little Rock Air Force Base ,KLRF
"Little Rock, Adams Field ",KLIT
"Mena, Mena Intermountain Municipal Airport ",KMEZ
"Monticello, Monticello Municipal Airport/Ellis Field ",KLLQ
Mount Ida ,KMWT
"Newport, Newport Municipal Airport ",KM19
Northwest Arkansas Regional Airport ,KXNA
"Pine Bluff, Grider Field Airport ",KPBF
Rogers - Rogers Executive Airport - Carter Field ,KROG
Russelville Municipal Airport ,KRUE
Saline County Regional Airport ,KSUZ
Searcy Municipal Airport ,KSRC
"Siloam Springs, Smith Field Airport ",KSLG
South Arkansas Regional Airport ,KELD
Springdale Municipal ,KASG
"Stuttgart, Stuttgart Municipal Airport ",KSGT
"Texarkana, Texarkana Regional-Webb Field ",KTXK
Walnut Ridge Regional Airport ,KARG
"West Memphis, West Memphis Municipal Airport ",KAWM
Ak-Chin Regional Airport ,KA39
Bisbee Douglas International Airport ,KDUG
Buckeye Municipal Airport ,KBXK
"Bullhead City, Laughlin/Bullhead International Airport ",KIFP
"Casa Grande, Casa Grande Municipal Airport ",KCGZ
"Chandler, Chandler Municipal Airport ",KCHD
"Colorado City, Colorado City Municipal Airport ",KAZC
Coolidge Municipal Airport ,KP08
Davis-Monthan Air Force Base ,KDMA
Flagstaff Pulliam Airport ,KFLG
"Fort Huachuca, Libby AAF Ft Huachuca ",KFHU
Gila Bend Air Force Auxiliary Field ,KGXF
"Glendale, Glendale Municipal Airport ",KGEU
Goodyear Municipal ,KGYR
Grand Canyon National Park Airport ,KGCN
Havasu City Airport ,KHII
"Kingman, Kingman Airport ",KIGM
Luke Air Force Base / Phoenix ,KLUF
Mesa / Falcon Field ,KFFZ
"Nogales, Nogales International Airport ",KOLS
"Page, Page Municipal Airport ",KPGA
Payson Airport ,KPAN
"Phoenix, Phoenix Sky Harbor International Airport ",KPHX
"Phoenix, Phoenix-Deer Valley Municipal Airport ",KDVT
Phoenix-Mesa Gateway Airport ,KIWA
Pioneer Airfield ,KALK
"Prescott, Love Field ",KPRC
"Safford, Safford Municipal Airport ",KSAD
Scottsdale Airport ,KSDL
Sedona Airport ,KSEZ
"Show Low, Show Low Regional Airport ",KSOW
Springerville Municipal Airport ,KJTC
"St. Johns, St. Johns Industrial Airpark ",KSJN
Taylor Airport ,KTYL
Tucson Marana Regional Airport ,KAVQ
Tucson Ryan Field Airport ,KRYN
"Tucson, Tucson International Airport ",KTUS
Williams/Clark Memorial Airport ,KCMR
"Window Rock, Window Rock Airport ",KRQE
"Winslow, Winslow Municipal Airport ",KINW
Yuma Auxiliary Airfield ,KNOZ
"Yuma, Marine Corps Air Station ",KNYL
Alturas ,KAAT
"Arcata / Eureka, Arcata Airport ",KACV
Auburn Municipal Airport ,KAUN
Avalon Catalina Airport ,KAVX
"Bakersfield, Meadows Field Airport ",KBFL
Big Bear City Airport ,KL35
"Bishop, Bishop Airport ",KBIH
"Blythe, Blythe Airport ",KBLH
Borrego Valley Airport ,KL08
Brackett Field Airport ,KPOC
Burbank - Bob Hope Airport ,KBUR
Byron ,KC83
"Camarillo, Camarillo Airport ",KCMA
Campo ,KCZZ
"Carlsbad, McClellan-Palomar Airport ",KCRQ
Chico Municipal Airport ,KCIC
"China Lake, Naval Air Facility ",KNID
"Chino, Chino Airport ",KCNO
COLUMBIA ,KO22
"Concord, Buchanan Field ",KCCR
Corona Airport ,KAJO
"Crescent City, Jack McNamara Field Airport ",KCEC
"Daggett, Barstow-Daggett Airport ",KDAG
Edwards Air Force Base ,KEDW
"Edwards, Edwards Air Force Auxiliary North Base ",K9L2
"El Centro, Naval Air Facility ",KNJK
El Monte ,KEMT
"Emigrant Gap, Blue Canyon Nyack Airport ",KBLU
Fairfield / Travis Air Force Base ,KSUU
Fallbrook Community Airpark ,KL18
"Fort Irwin/Barstow, Bicycle Lake Army Airfield ",KBYS
Fortuna Rohnerville Airport ,KFOT
Fresno Chandler Executive Airport ,KFCH
"Fresno, Fresno Air Terminal ",KFAT
"Fullerton, Fullerton Municipal Airport ",KFUL
General Wm J Fox Airfield ,KWJF
Gillespie Field Airport ,KSEE
Half Moon Bay Airport ,KHAF
Hanford Municipal Airport ,KHJO
"Hawthorne, Hawthorne Municipal Airport ",KHHR
"Hayward, Hayward Air Terminal ",KHWD
"Hollister, CA ",KCVH
Imperial Beach Naval Outlying Field - Ream Field ,KNRS
"Imperial, Imperial County Airport ",KIPL
John Wayne-Orange County Airport ,KSNA
Lemoore Naval Air Station - Reeves Field ,KNLC
Lincoln Regional Karl Harder Field ,KLHM
"Livermore, Livermore Municipal Airport ",KLVK
"Lompoc, Lompoc Airport ",KLPC
"Lompoc, Vandenberg Air Force Base ",KVBG
"Long Beach, Long Beach Airport ",KLGB
Los Alamitos Army Airfield ,KSLI
Los Angeles / USC Campus Downtown ,KCQT
"Los Angeles, Los Angeles International Airport ",KLAX
"Los Angeles, Whiteman Airport ",KWHP
Madera Municipal Airport ,KMAE
Mammoth Yosemite Airport ,KMMH
"Marysville, Beale Air Force Base ",KBAB
"Marysville, Yuba County Airport ",KMYV
MCMWTC BRIDGEPORT ,KBAN
Merced / Castle Air Force Base ,KMER
Merced Regional Airport ,KMCE
Modesto City-County Airport - Harry Sham Field ,KMOD
Mojave ,KMHV
Montague Siskiyou County Airport ,KSIY
Monterey Regional Airport ,KMRY
Mount Shasta ,KMHS
"Mountain View, Moffett Field ",KNUQ
Murrieta/Temecula French Valley ,KF70
"Napa, Napa County Airport ",KAPC
"Needles, Needles Airport ",KEED
Nevada County Air Park ,KGOO
Novato / Gnoss Field ,KDVO
"Oakland, Metro Oakland International Airport ",KOAK
Oceano County Airport ,KL52
"Oceanside, Camp Pendleton, Marine Corps Air Station ",KNFG
"Oceanside, Oceanside Municipal Airport ",KOKB
Ontario International Airport ,KONT
Oroville Municipal Airport ,KOVE
"Oxnard, Oxnard Airport ",KOXR
Palm Springs Regional Airport ,KPSP
"Palm Springs, Jacqueline Cochran Regional Airport ",KTRM
"Palmdale, Palmdale Production Flight Plant ",KPMD
Palo Alto Airport ,KPAO
Paso Robles Municipal Airport ,KPRB
Petaluma Municipal Airport ,KO69
Placerville Airport ,KPVF
"Point Mugu, Naval Air Warfare Center ",KNTD
"Porterville, Porterville Municipal Airport ",KPTV
"Ramona, Ramona Airport ",KRNM
"Red Bluff, Red Bluff Municipal Airport ",KRBL
Redding Municipal Airport ,KRDD
Riverside / March Air Force Base ,KRIV
Riverside Municipal Airport ,KRAL
Sacramento Executive Airport ,KSAC
Sacramento International Airport ,KSMF
Sacramento Mather Airport ,KMHR
"Sacramento, McClellan Airfield Airport ",KMCC
"Salinas, Salinas Municipal Airport ",KSNS
San Bernardino Intl. Airport ,KSBD
San Carlos Airport ,KSQL
San Clemente Island NALF ,KNUC
"San Diego, Brown Field Municipal Airport ",KSDM
"San Diego, Miramar MCAS/Mitscher Field Airport ",KNKX
"San Diego, Montgomery Field ",KMYF
"San Diego, North Island, Naval Air Station ",KNZY
"San Diego, San Diego International-Lindbergh Field ",KSAN
"San Francisco, San Francisco International Airport ",KSFO
San Jose / Reid / Hillv ,KRHV
"San Jose, San Jose International Airport ",KSJC
"San Luis Obispo, San Luis Obispo County-Mc Chesney Field ",KSBP
San Nicolas Island Naval Outlying Field ,KNSI
Sandberg ,KSDB
"Santa Barbara, Santa Barbara Municipal Airport ",KSBA
Santa Maria Public Airport/Capt G Allan Hancock Field ,KSMX
"Santa Monica, Santa Monica Municipal Airport ",KSMO
"Santa Rosa, Santa Rosa Sonoma County Airport ",KSTS
"Santa Ynez, Santa Ynez Airport ",KIZA
South County Airport of Santa Clara County ,KE16
"South Lake Tahoe, Lake Tahoe Airport ",KTVL
"Stockton, Stockton Metropolitan Airport ",KSCK
Susanville Municipal Airport ,KSVE
Tehachapi Municipal Airport ,KTSP
"Torrance, Zamperini Field Airport ",KTOA
Trinity Center ,KO86
Truckee-Tahoe ,KTRK
Twentynine Palms SELF Airport ,KNXP
Ukiah Municipal Airport ,KUKI
University Airport ,KEDU
Vacaville Nut Tree Airport ,KVCB
"Van Nuys, Van Nuys Airport ",KVNY
"Victorville, Southern California Logistics Airport ",KVCV
"Visalia, Visalia Municipal Airport ",KVIS
"Watsonville, Watsonville Municipal Airport ",KWVI
Weaverville ,KO54
Westover Field - Amador County Airport ,KJAQ
Air Force Academy ,KAFF
Aspen-Pitkin County Airport ,KASE
Astronaut Kent Rominger - Del Norte ,KRCV
Berthoud Pass ,K0CO
Boulder Municipal Airport ,KBDU
Broomfield / Jeffco ,KBJC
Buckley Air Force Base Airport ,KBKF
Burlington - Carson County Airport ,KITR
Central Colorado Regional Airport ,KAEJ
Cheyenne Mountain ,KCWN
City Of Colorado Springs Municipal Airport ,KCOS
Colorado Plains Regional Airport ,KAKO
Copper Mountain - Red Cliff Pass ,KCCU
Cortez-Montezuma County Airport ,KCEZ
Cottonwood Pass ,K7BM
Craig-Moffat Airport ,KCAG
Delta/Blake Field Airport ,KAJZ
Denver - Centennial Airport ,KAPA
Denver Nexrad ,KFTG
"Denver, Denver International Airport ",KDEN
Durango-La Plata County Airport ,KDRO
Eagle County Regional ,KEGE
"Elbert Mountain, Monument Pass ",KMNH
ELLICOTT-B AFA ,KABH
Erie Municipal Airport ,KEIK
Fort Carson ,KFCS
Fort Collins/Loveland - Northern Colorado Regional Airport ,KFNL
Fort Morgan Municipal Airport ,KFMM
FREMONT ,K1V6
Garfield County Regional Airport ,KRIL
Granby-Grand County Airport ,KGNB
Grand Junction Regional Airport ,KGJT
"Greeley, Greeley-Weld County Airport ",KGXY
"Gunnison, Gunnison-Crested Butte Regional Airport ",KGUC
Harriet Alexander Field Airport ,KANK
"Hayden, Yampa Valley Airport ",KHDN
Holyoke Airport ,KHEQ
"Kremmling, Mc Elroy Airfield ",K20V
La Junta Municipal Airport ,KLHX
Lamar Municipal Airport ,KLAA
"Leadville, Lake County Airport ",KLXV
Limon Municipal Airport ,KLIC
Meadow Lake Airport ,KFLY
Meeker Airport ,KEEO
"Montrose, Montrose Regional Airport ",KMTJ
Nucla Hopkins Field Airport ,KAIB
"Pagosa Springs, Wolf Creek Pass ",KCPW
Perry Stokes Airport ,KTAD
Pueblo Memorial Airport ,KPUB
Rangely Airport ,K4V0
"Saguache, Saguache Municipal Airport ",K04V
Salida - Monarch Pass ,KMYP
San Luis Valley Regional Airport ,KALS
"Springfield, Comanche National Grassland ",KSPD
Steamboat Springs ,KSBS
Sterling Municipal Airport ,KSTK
"Stevens Field, Pagosa Springs ",KPSO
Sunlight ,K5SM
"Telluride, Telluride Regional Airport ",KTEX
Vance Brand Airport ,KLMO
Walden-Jackson County Airport ,K33V
Walton Peak ,KC07
Wilkerson Pass ,K4BM
Wray Municipal Airport ,K2V5
Yuma Municipal Airport ,K2V6
"Bridgeport, Sikorsky Memorial Airport ",KBDR
"Chester, Chester Airport ",KSNC
"Danbury, Danbury Municipal Airport ",KDXR
"Groton / New London, Groton / New London Airport ",KGON
"Hartford, Hartford-Brainard Airport ",KHFD
"Meriden, Meriden Markham Municipal Airport ",KMMK
"New Haven, Tweed-New Haven Airport ",KHVN
"Oxford, Waterbury-Oxford Airport ",KOXC
"Willimantic, Windham Airport ",KIJD
"Windsor Locks, Bradley International Airport ",KBDL
Dover Air Force Base ,KDOV
Georgetown - Delaware Coastal Airport ,KGED
"Wilmington, New Castle County Airport ",KILG
Albert Whitted Airport ,KSPG
"Apalachicola, Apalachicola ",KAAF
Bartow Municipal ,KBOW
"Boca Raton, Boca Raton Airport ",KBCT
Brooksville-Tampa Bay Regional Airport ,KBKV
Cecil Airport ,KVQQ
Clearwater Air Park ,KCLW
Cocoa - Patrick Air Force Base ,KCOF
"Cocoa Beach, Cape Canaveral Air Force Station Skid Strip ",KXMR
"Crestview, Sikes Airport ",KCEW
Cross City Airport ,KCTY
Crystal River Airport ,KCGC
Daytona Beach International Airport ,KDAB
DeFuniak Spr AP ,K54J
DeLand Municipal Airport ,KDED
"Destin, Destin-Ft. Walton Beach Airport ",KDTS
Fernandina Beach Municipal Airport ,KFHB
Flagler County Airport ,KFIN
"Fort Lauderdale, Fort Lauderdale Executive Airport ",KFXE
Fort Lauderdale/Hollywood International Airport ,KFLL
"Fort Myers, Page Field ",KFMY
"Fort Myers, Southwest Florida International Airport ",KRSW
"Fort Pierce, St. Lucie County International Airport ",KFPR
"Gainesville, Gainesville Regional Airport ",KGNV
"Hollywood, North Perry Airport ",KHWO
Homestead Air Reserve Base ,KHST
Hurlburt Field ,KHRT
IMMOKALEE ,KIMM
Inverness Airport ,KINF
Jacksonville Craig Municipal Airport ,KCRG
Jacksonville International Airport ,KJAX
Jacksonville Naval Air Station ,KNIP
Key West International Airport ,KEYW
Key West Naval Air Station ,KNQX
Keystone Airpark ,K42J
Kissimmee Gateway Airport ,KISM
Lake City Municipal Airport ,KLCQ
Lake Wales Municipal Airport ,KX07
Lakeland Regional ,KLAL
Leesburg International Airport ,KLEE
"Macdill Air Force Base, Fl. ",KMCF
Marco Island Airport ,KMKY
Marianna Municipal Airport ,KMAI
Mayport Naval Station - Adm David L. McDonald Field ,KNRB
Melbourne International Airport ,KMLB
"Miami, Kendall-Tamiami Executive Airport ",KTMB
"Miami, Miami International Airport ",KMIA
"Miami, Opa Locka Airport ",KOPF
Milton - Whiting Field Naval Air Station North ,KNSE
"Milton, Whiting Field South ",KNDZ
"Naples, Naples Municipal Airport ",KAPF
New Smyrna Beach Municipal Airport ,KEVB
Northeast Florida Regional Airport ,KSGJ
Ocala International Airport - Jim Taylor Field ,KOCF
Okeechobee County Airport ,KOBE
Orlando / Sanford Airport ,KSFB
Orlando Executive Airport ,KORL
Orlando International Airport ,KMCO
"Ormond Beach, Ormond Beach Municipal Airport ",KOMN
Palatka Kay Larkin Field ,K28J
Panama City - Northwest Florida Beaches International Airport ,KECP
Pensacola - Pensacola International Airport ,KPNS
Pensacola Naval Air Station ,KNPA
"Perry-Foley, Perry-Foley Airport ",K40J
"Plant City, Plant City Municipal Airport ",KPCM
"Pompano Beach, Pompano Beach Airpark ",KPMP
"Punta Gorda, Charlotte County Airport ",KPGD
Quincy Municipal Airport ,K2J9
"Sarasota / Bradenton, Sarasota-Bradenton International Airport ",KSRQ
Sebring Regional Airport ,KSEF
St. Petersburg/Clearwater Airport ,KPIE
Suwannee County Airport ,K24J
Tallahassee - Tallahassee International Airport ,KTLH
"Tampa, Peter O Knight Airport ",KTPF
"Tampa, Tampa International Airport ",KTPA
"Tampa, Vandenberg Airport ",KVDF
The Florida Keys - Marathon International Airport ,KMTH
Titusville ,KTIX
"Titusville, NASA Shuttle Landing Facility ",KTTS
Tyndall Air Force Base ,KPAM
Valparaiso / Eglin Air Force Base ,KVPS
Venice Municipal Airport ,KVNC
"Vero Beach, Vero Beach Municipal Airport ",KVRB
West Palm Beach - Palm Beach International Airport ,KPBI
Winter Havens Gilbert Airport ,KGIF
Witham Field Airport ,KSUA
"Alma, Bacon County Airport ",KAMG
Americus Souther Field Airport ,KACJ
"Athens, Athens Airport ",KAHN
Atlanta Regional Airport-Falcon Field ,KFFC
"Atlanta, De Kalb-Peachtree Airport ",KPDK
"Atlanta, Hartsfield - Jackson Atlanta International Airport ",KATL
Augusta Daniel Field ,KDNL
"Augusta, Bush Field ",KAGS
"Bainbridge, Decatur County Industrial Air Park Airport ",KBGE
Barwick Lafayette Airport ,K9A5
Baxley Municipal Airport ,KBHC
Blairsville Airport ,KDZJ
"Blakely, Early County Airport ",KBIJ
Brunswick / Glynco ,KBQK
"Brunswick, Malcolm McKinnon Airport ",KSSI
Calhoun Tom B. David Field Airport ,KCZL
Camilla-Mitchell County Airport ,KCXU
"Canton, Cherokee County Airport ",KCNI
Carrollton West Georgia Regional Airport ,KCTJ
Cartersville Airport ,KVPC
Claxton Evans County Airport ,KCWV
Cobb County International Airport - McCollum Field ,KRYY
Cochran Airport ,K48A
"Columbus, Columbus Metropolitan Airport ",KCSG
Cordele Crisp County Airport ,KCKF
Cornelia Habersham County Airport ,KAJR
Covington Municipal Airport ,KCVC
Dallas Paulding County Regional Airport ,KPUJ
"Dalton, Dalton Municipal Airport ",KDNN
Donalsonville Municipal Airport ,K17J
"Douglas, Douglas Municipal Airport ",KDQH
"Dublin, W H 'Bud' Barron Airport ",KDBN
"Eastman, Heart of Georgia Regional Airport ",KEZM
Elbert County - Patz Field ,KEBA
Fitzgerald Municipal Airport ,KFZG
Fort Benning ,KLSF
Franklin County Airport ,K18A
Fulton County Airport-Brown Field ,KFTY
"Gainesville, Gilmer Memorial Airport ",KGVL
Gilmer County Airport ,K49A
"Greensboro, Greene County Regional Airport ",K3J7
Griffin Spalding County Airport ,K6A2
Gwinnett County Airport-Briscoe Field ,KLZU
Hazlehurst Airport ,KAZE
Henry County Airport ,KHMP
Hunter U. S. Army Airfield ,KSVN
Jackson County Airport ,KJCA
Jasper Pickens County Airport ,KJZP
Jesup-Wayne County Airport ,KJES
LaGrange-Callaway Airport ,KLGC
Louisville Municipal Airport ,K2J3
Marietta / Dobbins Air Force Base ,KMGE
Middle Georgia Regional Airport ,KMCN
Millen Airport ,K2J5
Monroe-Walton County Airport ,KD73
Moody Air Force Base ,KVAD
"Moultrie, Moultrie Municipal Airport ",KMGR
"Newnan, Newnan Coweta County Airport ",KCCO
Perry-Houston County Airport ,KPXE
Pine Mountain Harris County Airport ,KPIM
"Rome, R. B. Russell Airport ",KRMG
Savannah-Hilton Head International Airport ,KSAV
Southwest Georgia Regional Airport ,KABY
"Statesboro, Statesboro-Bulloch County Airport ",KTBR
Swainsboro Emanuel County Airport ,KSBO
"Sylvania, Plantation Airpark ",KJYL
"Thomaston, Thomaston-Upson County Airport ",KOPN
Thomasville Regional Airport ,KTVI
"Thomson, Thomson-McDuffie County Airport ",KHQU
Tifton Henry Tift Myers ,KTMA
Toccoa Le Tourneau Airport ,KTOC
Valdosta Regional Airport ,KVLD
"Vidalia, Vidalia Municipal Airport ",KVDI
Warner Robins Air Force Base ,KWRB
"Waycross / Ware County, Ga ",KAYS
"Winder, Winder-Barrow Airport ",KWDR
Wright Army Airfield (Fort Stewart)/Midcoast Regional Airport ,KLHW
Bradshaw Army Air Field / Hawaii ,PHSF
Daniel K Inouye International Airport ,PHNL
"Hilo, Hilo International Airport ",PHTO
"Kahului, Kahului Airport ",PHOG
"Kailua / Kona, Keahole Airport ",PHKO
"Kaneohe, Marine Corps Air Station ",PHNG
"Kaunakakai, Molokai Airport ",PHMK
"Kekaha, Pacific Missile Test Facility Barking Sands ",PHBK
Lahaina - West Maui ,PHJH
"Lanai City, Lanai Airport ",PHNY
"Lihue, Lihue Airport ",PHLI
"Oahu, Kalaeloa Airport ",PHJR
"Sand Island, Henderson Field Airport ",PMDY
Wheeler Air Force Base / Oahu ,PHHI
Algona ,KAXA
"Ames, Ames Municipal Airport ",KAMW
Ankeny Regional Airport ,KIKV
Atlantic ,KAIO
"Audubon, Audubon County Airport ",KADU
Boone Municipal ,KBNW
Burlington Regional Airport ,KBRL
Carroll ,KCIN
Cedar Rapids Airport ,KCID
Centerville Municipal Airport ,KTVK
Chariton ,KCNC
Charles City ,KCCY
"Cherokee, Cherokee Municipal Airport ",KCKP
Clarion ,KCAV
Clinton Municipal Airport ,KCWI
Council Bluffs ,KCBF
Creston Municipal Airport ,KCSQ
Davenport Municipal Airport ,KDVN
Decorah ,KDEH
Denison ,KDNS
Des Moines International Airport ,KDSM
Dubuque Regional Airport ,KDBQ
"Estherville, Estherville Municipal Airport ",KEST
Fairfield Municipal Airport ,KFFL
Forest City Municipal Airport ,KFXY
Fort Dodge ,KFOD
Fort Madison Municipal Airport ,KFSW
Grinnell Municipal Airfield ,KGGI
Hampton Municipal Airport ,KHPT
"Harlan, Harlan Municipal Airport ",KHNR
"Independence, Independence Municipal Airport ",KIIB
Iowa City Municipal Airport ,KIOW
Iowa Falls Municipal Airport ,KIFA
Keokuk Municipal Airport ,KEOK
Knoxville ,KOXV
"Lamoni, Lamoni Municipal Airport ",KLWD
Le Mars Municipal Airport ,KLRJ
"Marshalltown, Marshalltown Municipal Airport ",KMIW
Mason City Municipal Airport ,KMCW
"Mount Pleasant, Mount Pleasant Municipal Airport ",KMPZ
Muscatine ,KMUT
Newton Municipal Airport - Earl Johnson Field ,KTNU
Oelwein Municipal Airport ,KOLZ
Orange City Municipal Airport ,KORC
Osceola Municipal Airport ,KI75
"Oskaloosa, Oskaloosa Municipal Airport ",KOOA
Ottumwa Regional Airport ,KOTM
"Pella, Pella Municipal Airport ",KPEA
Perry Municipal Airport ,KPRO
Red Oak ,KRDK
Schenck Field Airport ,KICL
Sheldon ,KSHL
Shenandoah Municipal ,KSDA
"Sioux City, Sioux Gateway Airport ",KSUX
Spencer Municipal Airport ,KSPW
Storm Lake ,KSLB
Washington ,KAWG
"Waterloo, Waterloo Municipal Airport ",KALO
Webster City Municipal Airport ,KEBS
Boise Air Terminal ,KBOI
Boundary County Airport ,K65S
Burley Municipal Airport ,KBYI
Caldwell - Caldwell Industrial Airport ,KEUL
Challis - Challis Airport ,KLLJ
Coeur d'Alene Airport - Pappy Boyington Field ,KCOE
"Driggs, Driggs-Reed Memorial Airport ",KDIJ
Grangeville - Idaho County Airport ,KGIC
"Hailey, Friedman Memorial Airport ",KSUN
Idaho Falls Regional Airport ,KIDA
Jerome County Airport ,KJER
Joslin Field - Magic Valley Regional Airport ,KTWF
"Lewiston, Lewiston-Nez Perce County Airport ",KLWS
Lowell ,KP69
McCall Airport ,KMYL
Mountain Home Air Force Base ,KMUO
Nampa Municipal Airport ,KMAN
"Pocatello, Pocatello Regional Airport ",KPIH
"Rexburg, Rexburg-Madison County Airport ",KRXE
"Sandpoint, Sandpoint Airport ",KSZT
"Stanley, Stanley Ranger Station ",KSNT
Albertus Airport ,KFEP
Aurora Municipal Airport ,KARR
"Belleville, Scott AFB/MidAmerica Airport ",KBLV
"Bloomington/Normal, Central Illinois Regional Airport at Bloomington-Normal ",KBMI
Cairo Regional Airport ,KCIR
Carmi Municipal Airport ,KCUL
Centralia Municipal Airport ,KENL
"Chicago / West Chicago, Dupage Airport ",KDPA
"Chicago / Wheeling, Pal-Waukee Airport ",KPWK
"Chicago, Chicago Midway Airport ",KMDW
"Chicago, Chicago-O'Hare International Airport ",KORD
Chicago/Waukegan Regional Airport ,KUGN
"Danville, Vermilion County Airport ",KDNV
De Kalb Taylor Municipal Airport ,KDKB
Decatur Airport ,KDEC
Edgar County Airport ,KPRG
"Effingham, Effingham County Memorial Airport ",K1H2
"Fairfield, Fairfield Municipal Airport ",KFWC
Flora Municipal Airport ,KFOA
Galesburg Municipal Airport ,KGBG
Greater Kankakee Airport ,KIKK
Harrisburg-Raleigh Airport ,KHSB
Illinois Valley Regional Airport ,KVYS
Jacksonville Municipal Airport ,KIJX
Joliet Regional Airport ,KJOT
Lansing Municipal Airport ,KIGQ
Lawrenceville-Vincennes International Airport ,KLWV
Lewis University Airport ,KLOT
Litchfield Municipal Airport ,K3LF
Logan County Airport ,KAAA
Macomb Municipal Airport ,KMQB
Marion - Williamson County Regional Airport ,KMWA
Marshall County Airport ,KC75
"Mattoon / Charleston, Coles County Memorial Airport ",KMTO
Metropolis Municipal Airport ,KM30
Moline Quad-City Airport ,KMLI
Morris Muni-James R Washburn Field Airport ,KC09
"Mount Carmel, Mount Carmel Municipal Airport ",KAJG
"Mount Sterling, Mount Sterling Municipal Airport ",KI63
Mount Vernon Airport ,KMVN
Olney-Noble Airport ,KOLY
Peoria - General Downing-Peoria International Airport ,KPIA
"Pittsfield, Pittsfield Penstone Municipal Airport ",KPPQ
Pontiac Municipal Airport ,KPNT
Quincy Regional Airport-Baldwin Field ,KUIN
Rantoul National Aviation Center Airport ,KTIP
Robinson Municipal Airport ,KRSV
"Rochelle, Rochelle Municipal-Koritz Field Airport ",KRPJ
"Rockford, Greater Rockford Airport ",KRFD
"Salem, Salem-Leckrone Airport ",KSLO
Schaumburg Regional Airport ,K06C
Southern Illinois Airport ,KMDH
Sparta Community-Hunter Field Airport ,KSAR
Springfield - Abraham Lincoln Capital Airport ,KSPI
St. Louis Downtown Airport ,KCPS
St. Louis Regional Airport ,KALN
Sterling Rockfalls ,KSQI
"Taylorville, Taylorville Municipal Airport ",KTAZ
Tri-Township Airport ,KSFY
University of Illinois - Willard ,KCMI
Anderson Municipal Airport ,KAID
Angola Tri-State Steuben County Airport ,KANQ
Auburn De Kalb County Airport ,KGWB
Batesville Airport ,KHLB
"Bloomington, Monroe County Airport ",KBMG
Clark Regional Airport ,KJVY
Columbus / Bakalar ,KBAK
Crawfordsville Municipal Airport ,KCFJ
Daviess County Airport ,KDCY
Elkhart Municipal ,KEKM
"Evansville, Evansville Regional Airport ",KEVV
Fort Wayne International Airport ,KFWA
Frankfort Municipal Airport ,KFKR
French Lick Municipal Airport ,KFRH
Gary Regional Airport ,KGYY
"Goshen, Goshen Municipal Airport ",KGSH
Greenwood Municipal Airport ,KHFY
Grissom Air Force Base / Peru ,KGUS
Huntingburg ,KHNB
Huntington Municipal Airport ,KHHG
INDIANAPOLIS ,KTYQ
Indianapolis International Airport ,KIND
Indianapolis Mount Comfort Airport ,KMQJ
"Indianapolis, Eagle Creek Airpark ",KEYE
Kendallville Municipal Airport ,KC62
"Kokomo, Kokomo Municipal Airport ",KOKK
La Porte Municipal Airport ,KPPO
"Lafayette, Purdue University Airport ",KLAF
Logansport/Cass County Airport ,KGGP
Madison Municipal Airport ,KIMS
Marion Municipal Airport ,KMZZ
Michigan City Municipal Airport ,KMGC
Monticello White County Airport ,KMCX
"Muncie, Delaware County-Johnson Field ",KMIE
Plymouth ,KC65
Portland Municipal Airport ,KPLD
Putnam County Regional Airport ,KGPC
Rensselaer Jasper County Airport ,KRZL
Richmond Municipal Airport ,KRID
Rochester Fulton County Airport ,KRCR
Shelbyville Municipal Airport ,KGEZ
South Bend International Airport ,KSBN
Starke County Airport ,KOXI
Terre Haute International Airport - Hulman Field ,KHUF
Valparaiso Porter County Municipal Airport ,KVPZ
"Warsaw, Warsaw Municipal Airport ",KASW
Allen County Airport ,KK88
Atkinson Municipal Airport ,KPTS
Augusta Municipal Airport ,K3AU
Beech Factory Airport ,KBEC
"Chanute, Chanute Martin Johnson Airport ",KCNU
"Coffeyville, Coffeyville Municipal Airport ",KCFV
Colby Shaltz Field Airport ,KCBK
"Concordia, Blosser Municipal Airport ",KCNK
"Dodge City, Dodge City Regional Airport ",KDDC
El Dorado Captain Jack Thomas Airport ,KEQA
"Elkhart, Elkhart-Morton County Airport ",KEHA
"Emporia, Emporia Municipal Airport ",KEMP
EUREKA ,K13K
Fort Riley - Marshall AAF ,KFRI
Garden City Regional Airport ,KGCK
"Goodland, Renner Field ",KGLD
"Great Bend, Great Bend Municipal Airport ",KGBD
HAMILTON ,K3K3
"Hays, Hays Regional Airport ",KHYS
"Hill City, Hill City Municipal Airport ",KHLC
HUGOTON ,KHQG
"Hutchinson, Hutchinson Municipal Airport ",KHUT
INDEPENDENCE ,KIDP
"Lawrence, Lawrence Municipal Airport ",KLWC
"Liberal, Liberal Municipal Airport ",KLBL
Lyons-Rice County Municipal Airport ,KLYO
"Manhattan, Manhattan Municipal Airport ",KMHK
Marysville Municipal Airport ,KMYZ
McConnell Air Force Base ,KIAB
"Medicine Lodge, Medicine Lodge ",KP28
"Newton, Newton City/County Airport ",KEWK
Oberlin Municipal Airport ,KOIN
"Olathe, Johnson County Executive Airport ",KOJC
"Olathe, New Century Aircenter ",KIXD
Ottawa Municipal Airport ,KOWI
"Parsons, Tri-City Airport ",KPPF
Pratt Municipal ,KPTT
"Russell, Russell Municipal Airport ",KRSL
"Salina, Salina Municipal Airport ",KSLN
ST FRANCIS ,KSYF
Stanton County Municipal Airport ,KJHN
Sublette Municipal Airport ,K19S
"Topeka, Forbes Field ",KFOE
"Topeka, Philip Billard Municipal Airport ",KTOP
Ulysses Airport ,KULS
Wichita - Wichita Dwight D. Eisenhower National Airport ,KICT
Wichita Jabara Airport ,KAAO
"Winfield / Arkansas City, Strother Field ",KWLD
Ashland Regional Airport ,KDWU
Big Sandy Regional Airport ,KSJS
"Bowling Green, Bowling Green-Warren County Regional Airport ",KBWG
Cincinnati/Northern Kentucky International Airport ,KCVG
Clyde A. Thomas Regional Airport ,KSYM
Elizabethtown Addington Field Airport ,KEKX
Flemingsburg Fleming-Mason Airport ,KFGX
Fort Campbell U. S. Army Airfield ,KHOP
Fort Knox ,KFTK
"Frankfort, Capital City Airport ",KFFT
"Glasgow, Glasgow Municipal Airport ",KGLW
Hancock County Airport-Ron Lewis Field ,KKY8
Harlan ,KI35
Henderson City ,KEHR
"Jackson, Carroll Airport ",KJKL
Lebanon-Springfield Airport ,K6I2
Lexington Blue Grass Airport ,KLEX
"London, London-Corbin Airport-Magee Field ",KLOZ
"Louisville, Bowman Field Airport ",KLOU
"Louisville, Standiford Field ",KSDF
Madisonville Municipal Airport ,K2I0
Marion-crittenden County Airport ,K5M9
Mayfield Graves County Airport ,KM25
"Middlesboro, Middlesboro-Bell County Airport ",K1A6
"Monticello, Wayne County Airport ",KEKQ
Mount Sterling-Montgomery County Airport ,KIOB
Muhlenberg County Airport ,KM21
"Murray Kyle Oakley Field, KY ",KCEY
"Owensboro, Owensboro-Daviess County Airport ",KOWB
"Paducah, Barkley Regional Airport ",KPAH
Pikeville Pike County Airport and Hatcher Field ,KPBX
Samuels Field Airport ,KBRY
"Somerset, Somerset-Pulaski County - J.T. Wilson Field Airport ",KSME
Stuart Powell Field Airport ,KDVK
Taylor County Airport ,KAAS
Williamsburg-Whitley County Airport ,KBYL
Abbeville Chris Crusta Memorial Airport ,KIYA
Acadiana Regional Airport ,KARA
Alexandria Esler Regional Airport ,KESF
"Alexandria, Alexandria International Airport ",KAEX
Barksdale Air Force Base ,KBAD
"Bastrop, Morehouse Memorial Airport ",KBQP
"Baton Rouge, Baton Rouge Metropolitan, Ryan Field ",KBTR
"Bogalusa, George R Carr Memorial Air Field ",KBXA
Boothville ,KBVE
Cameron ,KCVW
Chenault Airpark ,KCWF
De Quincy Industrial Airpark ,K5R8
"De Ridder, Beauregard Parish Airport ",KDRI
Eugene Island ,KEIR
"Fort Polk, Polk AAF Ft Polk ",KPOE
Ft. Polk - Fullerton Landing Strip ,KBKB
Ft. Polk - Peason Ridge ,KAQV
"Galliano, South Lafourche Airport ",KGAO
GB172/Salsa (Shell E-P) ,KGHB
Grand Chenier ,K3L4
Green Canyon 338 Front Runner ,KGRY
Green Canyon 787 Atlantis ,KATP
"Hammond, Hammond Municipal Airport ",KHDC
High Island 179A (Apache Corp) ,KXIH
Houma-Terrebonne Airport ,KHUM
Jennings Airport ,K3R7
"Lafayette, Lafayette Regional Airport ",KLFT
Lake Charles Regional Airport ,KLCH
Louisiana Regional Airport ,KREG
MAGNOLIA OIL PLATFORM ,KGBK
Main Pass 140B (Apache Corp) ,KMIS
Main Pass 289C (Apache Corp) ,KVKY
Mansfield - C E Rusty Williams Airport ,K3F3
Minden Airport ,KMNE
MISS CANYON OIL PLATFORM ,KMDJ
Monroe Regional Airport ,KMLU
"Natchitoches, Natchitoches Regional Airport ",KIER
New Orleans - Superdome ,K7N0
New Orleans Naval Air Station - Alvin Callender Field ,KNBG
"New Orleans, New Orleans International Airport ",KMSY
"New Orleans, New Orleans Lakefront Airport ",KNEW
New Roads False River Regional Airport ,KHZR
"Oakdale, Allen Parish Airport ",KACP
Opelousas St Landry Parish Airport ,KOPL
Patterson Memorial ,KPTN
Port Fourchon ,KXPY
Port of South Louisiana Executive Regional Airport ,KAPS
"Ruston, Ruston Regional Airport ",KRSN
S MARSH268 OIL PLATFORM ,KSCF
SABINE 13B OIL PLATFORM ,KVBS
Salt Point ,KP92
SHIP SHOAL OIL PLATFORM ,KSPR
"Shreveport, Shreveport Downtown Airport ",KDTN
"Shreveport, Shreveport Regional Airport ",KSHV
"Slidell, Slidell Airport ",KASD
Southland Field ,KUXL
Vermilion 331 (Energy Resource Technology) ,KVQT
"Vicksburg, Vicksburg / Tallulah Regional Airport ",KTVR
Vidalia Concordia Parish ,K0R4
VK 786/Petronius (Chevron) ,KVOA
"Beverly, Beverly Municipal Airport ",KBVY
"Boston, Logan International Airport ",KBOS
"Chatham, Chatham Municipal Airport ",KCQX
Chicopee Falls / Westover Air Force Base ,KCEF
East Milton ,KMQE
"Fitchburg, Fitchburg Municipal Airport ",KFIT
"Hyannis, Barnstable Municipal-Boardman Airport ",KHYA
Laurence G Hanscom Field Airport ,KBED
Lawrence Municipal Airport ,KLWM
Marshfield Airport ,KGHG
Marthas Vineyard Airport ,KMVY
"Nantucket, Nantucket Memorial Airport ",KACK
"New Bedford, New Bedford Regional Airport ",KEWB
North Adams Harriman-and-West Airport ,KAQW
"Norwood, Norwood Memorial Airport ",KOWD
Orange Municipal Airport ,KORE
Otis Air National Guard Base ,KFMH
Pittsfield Municipal Airport ,KPSF
"Plymouth, Plymouth Municipal Airport ",KPYM
Provincetown Municipal Airport ,KPVC
"Taunton, Taunton Municipal Airport ",KTAN
"Westfield, Barnes Municipal Airport ",KBAF
"Worcester, Worcester Regional Airport ",KORH
"Annapolis, United States Naval Academy ",KNAK
Baltimore / Martin ,KMTN
"Baltimore, Baltimore-Washington International Airport ",KBWI
"Baltimore, Inner Harbor ",KDMH
Bay Bridge Field ,KW29
Cambridge-Dorchester Airport ,KCGE
Camp Springs / Andrews Air Force Base ,KADW
Carroll County Regional Jack B Poage Field ,KDMW
College Park Airport ,KCGS
Easton / Newman Field ,KESN
Fort Meade / Tipton ,KFME
Frederick Municipal Airport ,KFDK
Gaithersburg - Montgomery County Airport ,KGAI
Garrett County Airport ,K2G4
"Hagerstown, Washington County Regional Airport ",KHGR
"Ocean City, Ocean City Municipal Airport ",KOXB
"Patuxent River, Naval Air Station ",KNHK
Phillips Army Air Field / Aberdeen ,KAPG
"Salisbury, Salisbury-Ocean City Wicomico County Regional Airport ",KSBY
St Marys County Airport ,K2W6
"St. Inigoes, Webster Field, Naval Electronic Systems Engineering Activity ",KNUI
Auburn-Lewiston ,KLEW
"Augusta, Augusta State Airport ",KAUG
"Bangor, Bangor International Airport ",KBGR
"Bar Harbor, Hancock County-Bar Harbor Airport ",KBHB
"Caribou, Caribou Municipal Airport ",KCAR
Clayton Lake ,K40B
"Frenchville, Northern Aroostook Regional Airport ",KFVE
"Fryeburg, Eastern Slopes Regional Airport ",KIZG
Greenville ,KGNR
"Houlton, Houlton International Airport ",KHUL
"Millinocket, Millinocket Municipal Airport ",KMLT
"Portland, Portland International Jetport ",KPWM
Presque Isle ,KPQI
"Rockland, Knox County Regional Airport ",KRKD
"Sanford, Sanford Regional Airport ",KSFM
"Waterville, Waterville Robert LaFleur Airport ",KWVL
Wiscasset Airport ,KIWI
"Adrian, Lenawee County Airport ",KADG
"Alma, Gratiot Community Airport ",KAMN
"Alpena, Alpena County Regional Airport ",KAPN
"Ann Arbor, Ann Arbor Municipal Airport ",KARB
"Beaver Island, Beaver Island Airport ",KSJX
"Bellaire, Antrim County Airport ",KACB
"Big Rapids, Roben-Hood Airport ",KRQB
Branch County Memorial Airport ,KOEB
Brooks Field Airport ,KRMY
Capital Region International Airport ,KLAN
"Caro, Tuscola Area Airport ",KCFS
"Charlevoix, Charlevoix Municipal Airport ",KCVX
"Charlotte, Fitch H Beach Airport ",KFPK
"Cheboygan, Cheboygan County Airport ",KSLH
Cherry Capital Airport ,KTVC
Coleman A Young Municipal Airport ,KDET
Copper Harbor ,KP59
"Detroit, Detroit Metropolitan Wayne County Airport ",KDTW
"Detroit, Willow Run Airport ",KYIP
"Detroit/Grosse Ile, Grosse Ile Airport ",KONZ
Drummond Island Airport ,KDRM
Escanaba ,KESC
"Flint, Bishop International Airport ",KFNT
"Frankfort, Frankfort Dow Memorial Field Airport ",KFKS
Fremont Municipal Airport ,KFFX
Gaylord Regional Airport ,KGLR
"Grand Rapids, Gerald R. Ford International Airport ",KGRR
"Grayling, Grayling Army Airfield ",KGOV
Haines Memorial Airport ,KHAI
"Harbor Springs, Harbor Springs Airport ",KMGN
Hillsdale Municipal Airport ,KJYM
Holland - West Michigan Regional Airport ,KBIV
Houghton County Memorial Airport ,KCMX
"Houghton Lake, Roscommon County Airport ",KHTL
"Howell, Livingston County Airport ",KOZW
Huron County Memorial Airport ,KBAX
Ionia County Airport ,KY70
"Iron Mountain / Kingsford, Ford Airport ",KIMT
"Ironwood, Gogebic-Iron County Airport ",KIWD
Jack Barstow Airport ,KIKW
Jackson County Airport - Reynolds Field ,KJXN
Kalamazoo/Battle Creek International Airport ,KAZO
"Lambertville, Toledo Suburban Airport ",KDUH
Lapeer Dupont-lapeer ,KD95
"Ludington, Mason County Airport ",KLDM
Mackinac Island Airport ,KMCD
Manistee County - Blacker Airport ,KMBL
"Manistique, Schoolcraft County Airport ",KISQ
"Marquette, Sawyer International Airport ",KSAW
"Mason, Mason Jewett Field Airport ",KTEW
MBS International Airport ,KMBS
Menominee - Marinette Twin County Airport ,KMNM
"Monroe, Custer Airport ",KTTF
"Mount Pleasant, Mount Pleasant Municipal Airport ",KMOP
Munising - Munising Lakeshore Observation ,KP53
"Muskegon, Muskegon County Airport ",KMKG
"Newberry, Luce County Airport ",KERY
"Oscoda, Oscoda-Wurtsmith Airport ",KOSC
"Owosso, Owosso Community Airport ",KRNP
Pellston Regional Airport of Emmet County ,KPLN
"Pontiac, Oakland County International Airport ",KPTK
Port Hope ,KP58
"Rogers City, Presque Isle County Airport ",KPZQ
Saginaw County H W Browne Airport ,KHYX
"Sault Ste Marie, Chippewa County International Airport ",KCIU
Sault Ste. Marie ,KANJ
Selfridge Air National Guard Base ,KMTC
"South Haven, South Haven Area Regional Airport ",KLWA
Southwest Michigan Regional Airport ,KBEH
St Clair County International Airport ,KPHN
"Sturgis, Kirsch Municipal Airport ",KIRS
"Troy, Oakland/Troy Airport ",KVLL
W K Kellogg Airport ,KBTL
West Branch Community Airport ,KY31
Wexford County Airport ,KCAD
Aitkin Municipal Airport - Steve Kurtz Field ,KAIT
"Albert Lea, Albert Lea Municipal Airport ",KAEL
"Alexandria, Chandler Field ",KAXN
Appleton Municipal Airport ,KAQP
Austin Municipal ,KAUM
Baudette International Airport ,KBDE
Bemidji ,KBJI
Benson Municipal Airport ,KBBB
Bigfork Municipal Airport ,KFOZ
Brainerd - Crow Wing County Airport ,KBRD
"Buffalo, Buffalo Municipal Airport ",KCFE
Cambridge Municipal Airport ,KCBG
Canby Airfield ,KCNB
Chisholm-Hibbing Airport ,KHIB
Cloquet Carlton County Airport ,KCOQ
Cook Municipal Airport ,KCQM
Crane Lake - Scotts Seaplane Base ,KCDD
Crookston Municipal Field ,KCKN
Detroit Lakes Airport-Wething Field ,KDTL
Dodge Center Airport ,KTOB
Downtown Holman Field ,KSTP
Duluth - Sky Harbor Airport ,KDYT
Duluth International Airport ,KDLH
Elbow Lake Municipal Airport ,KY63
"Ely, Ely Municipal Airport ",KELO
Eveleth-Virginia Municipal Airport ,KEVM
"Fairmont, Fairmont Municipal Airport ",KFRM
Falls International Airport ,KINL
Fergus Falls Municipal Airport-Einar Mickel ,KFFM
Flag Island ,KFGN
"Fosston, Fosston Municipal Airport ",KFSE
Glencoe Municipal Airport ,KGYL
Glenwood Municipal Airport ,KGHW
"Grand Marais, The Bay of Grand Marais ",KGNA
Grand Marais/Cook County Airport ,KCKC
"Grand Rapids, Grand Rapids/Itasca County Airport-Gordon Newstrom Field ",KGPZ
"Granite Falls, Granite Falls Municipal Airport/Lenzen-Roe Memorial Field ",KGDB
Hallock Municipal Airport ,KHCO
Hinckley Field of Dreams Airport ,K04W
"Hutchinson, Hutchinson Municipal Airport-Butler Field ",KHCD
"Jackson, Jackson Municipal Airport ",KMJQ
Lake Elmo Airport ,K21D
Litchfield Municipal Airport ,KLJF
"Little Falls, Little Falls/Morrison County Airport-Lindbergh Field ",KLXL
"Longville, Longville Municipal Airport ",KXVG
"Madison, Madison-Lac Qui Parle County Airport ",KDXX
Mahnomen County Airport ,K3N8
"Mankato, Mankato Regional Airport ",KMKT
"Maple Lake, Maple Lake Municipal Airport ",KMGG
"Marshall, Southwest Minnesota Regional Airport - Marshall/Ryan Field ",KMML
Mc Gregor - Isedor Iverson Airport ,KHZX
Minneapolis - Flying Cloud Airport ,KFCM
Minneapolis / Blaine ,KANE
"Minneapolis, Airlake Airport ",KLVN
"Minneapolis, Crystal Airport ",KMIC
"Minneapolis, Minneapolis-St. Paul International Airport ",KMSP
Montevideo-Chippewa County Airport ,KMVE
Moorhead Municipal Airport ,KJKJ
Moose Lake Carlton County Airport ,KMZH
Mora Municipal Airport ,KJMR
"Morris, Morris Municipal Airport ",KMOX
New Ulm Municipal Airport ,KULM
Olivia Regional Airport ,KOVL
Orr Regional Airport ,KORB
"Ortonville, Ortonville Muncipal-Martinson Field Airport ",KVVV
Park Rapids Municipal Airport ,KPKD
"Paynesville, Paynesville Municipal Airport ",KPEX
Pine River Regional Airport ,KPWC
Pipestone Municipal Airport ,KPQN
"Preston, Fillmore County Airport ",KFKA
Princeton ,KPNM
Quentin Aanenson Field Airport ,KLYV
Ray S Miller Army Airfield ,KRYM
Redwood Falls Municipal Airport ,KRWF
Rochester - St. Mary's Hospital Heliport ,K9MN
"Rochester, Rochester International Airport ",KRST
"Roseau, Roseau Municipal Airport/Rudy Billberg Field ",KROX
Rush City Regional Airport ,KROS
Sauk Centre Municipal Airport ,KD39
Silver Bay ,KBFW
Slayton Municipal Airport ,KDVP
South St. Paul Municipal-Richard E. Flemi ,KSGS
St. Cloud Regional Airport ,KSTC
Stanton Airfield ,KSYN
"Staples, Staples Municipal Airport ",KSAZ
"Thief River Falls, Thief River Falls Regional Airport ",KTVF
Todd Field Airport ,K14Y
"Tracy, Tracy Municipal Airport ",KTKC
Two Harbors ,KTWM
Wadena Municipal Airport ,KADC
Walker Municipal Airport ,KY49
Warroad International Memorial Airport ,KRRT
Waseca Municipal Airport ,KACQ
Waskish Municipal Airport ,KVWU
Wheaton Municipal Airport ,KETH
Willmar Municipal Airport - John L. Rice Field ,KBDH
Windom Municipal Airport ,KMWM
"Winona, Winona Municipal Airport-Max Conrad Field ",KONA
"Worthington, Worthington Municipal Airport ",KOTG
Branson ,KBBG
Branson West Muni - Emerson Field ,KFWB
Camdenton Memorial Airport ,KOZS
Cameron Memorial Airport ,KEZZ
"Cape Girardeau, Cape Girardeau Regional Airport ",KCGI
"Chillicothe, Chillicothe Agri-Science Center ",KCDJ
"Clinton, MO ",KGLY
"Columbia, Columbia Regional Airport ",KCOU
Farmington Airport ,KFAM
Fort Leonard Wood ,KTBN
Hannibal Regional Airport ,KHAE
Harrisonville Lawrence Smith Memorial Airport ,KLRY
"Jefferson City, Jefferson City Memorial Airport ",KJEF
Jesse Viertel Memorial Airport ,KVER
"Joplin, Joplin Regional Airport ",KJLN
"Kaiser Lake Ozark, Lee C Fine Memorial Airport ",KAIZ
"Kansas City, Kansas City Downtown Airport ",KMKC
"Kansas City, Kansas City International Airport ",KMCI
Kennett - Kennett Memorial Airport ,KTKX
"Kirksville, Kirksville Regional Airport ",KIRK
LEBANON ,KLBO
"Lee's Summit, Lee's Summit Municipal Airport ",KLXT
Malden Municipal Airport ,KMAW
Marshall Memorial Municipal Airport ,KMHL
Maryville Northwest Missouri Regional Airport ,KEVU
Mexico Memorial Airport ,KMYJ
MOBERLY ,KMBY
Monett ,KHFJ
Mosby Midwest National Air Center Airport ,KGPH
Perryville Regional Airport ,KPCD
"Poplar Bluff, Poplar Bluff Municipal Airport ",KPOF
"Rolla / Vichy, Rolla National Airport ",KVIH
"Sedalia, Sedalia Memorial Airport ",KDMO
Sikeston Memorial Municipal Airport ,KSIK
Skyhaven Airport ,KRCM
"Springfield, Springfield Regional Airport ",KSGF
"St. Charles, St. Charles County Smartt Airport ",KSET
"St. Joseph, Rosecrans Memorial Airport ",KSTJ
St. Louis Lambert International Airport ,KSTL
"St. Louis, Spirit Of St. Louis Airport ",KSUS
Warsaw Municipal Airport ,KRAW
Washington Regional Airport ,KFYG
"West Plains, West Plains Municipal Airport ",KUNO
Whiteman Air Force Base ,KSZL
Batesville Panola County ,KPMU
"Bay St. Louis, Stennis International Airport ",KHSA
Cleveland Municipal Airport ,KRNV
Columbia-Marion County Airport ,K0R0
Columbus Air Force Base ,KCBM
"Columbus/West Point/Starkville, Golden Triangle Regional Airport ",KGTR
Corinth ,KCRX
"Fletcher Field, Clarksdale ",KCKM
"George M Bryan Airport, Starkville ",KSTF
"Greenville, Mid Delta Regional Airport ",KGLH
"Greenwood, Greenwood-LeFlore Airport ",KGWO
Gulfport - Gulfport-Biloxi International Airport ,KGPT
"Hattiesburg, Bobby L Chain Municipal Airport ",KHBG
"Hattiesburg/Laurel, Hattiesburg-Laurel Regional Airport ",KPIB
"Jackson, Hawkins Field Airport ",KHKS
"Jackson, Jackson International Airport ",KJAN
JB Williams Airport ,KJVW
Keesler Air Force Base / Biloxi ,KBIX
LAUREL/NOBLE FIELD ,KLUL
Madison Bruce Campbell Field Airport ,KMBO
"McComb, McComb / Pike County / John E Lewis Field Airport ",KMCB
"Meridian, Key Field ",KMEI
"Meridian, Meridian Naval Air Station - McCain Field ",KNMM
Monroe County Airport ,KM40
Moss Point - Trent Lott International Airport ,KPQL
Nakika Subsea Development Platform ,KIKT
"Natchez, Hardy-Anders Field Natchez-Adams County Airport ",KHEZ
"Olive Branch, Olive Branch Airport ",KOLV
"Oxford, University-Oxford Airport ",KUOX
"Tunica, Tunica Municipal Airport ",KUTA
"Tupelo, Tupelo Regional Airport ",KTUP
Vicksburg Municipal ,KVKS
Winona-Montgomery County Airport ,K5A6
"Baker, Baker Municipal Airport ",KBHK
"Billings, Billings Logan International Airport ",KBIL
"Bozeman, Gallatin Field ",KBZN
"Butte, Bert Mooney Airport ",KBTM
"Cut Bank, Cut Bank Municipal Airport ",KCTB
"Dillon, Dillon Airport ",KDLN
Ennis - Big Sky Airport ,KEKS
"Glasgow, Glasgow International Airport ",KGGW
"Glendive, Dawson Community Airport ",KGDV
"Great Falls, Great Falls International Airport ",KGTF
"Havre, Havre City-County Airport ",KHVR
Helena Regional Airport ,KHLN
"Jordan, Jordan Airport ",KJDN
"Kalispell, Glacier Park International Airport ",KGPI
"Lewistown, Lewistown Municipal Airport ",KLWT
"Livingston, Mission Field Airport ",KLVM
Malmstrom Air Force Base ,KGFA
Malta Airport ,KM75
"Miles City, Frank Wiley Field Airport ",KMLS
"Missoula, Missoula International Airport ",KMSO
"Mullan Pass, Mullan Pass Vor ",KMLP
N BAR Ranch Airport ,KMVH
Sidney-Richland ,KSDY
West Yellowstone ,KWYS
"Wolf Point, Clayton Airport ",KOLF
"Ahoskie, Tri-County Airport ",KASJ
"Albemarle, Stanly County Airport ",KVUJ
Andrews-Murphy Airport ,KRHP
Anson County Airport ,KAFP
"Asheboro, Asheboro Municipal Airport ",KHBI
"Asheville, Asheville Regional Airport ",KAVL
Beaufort Smith Field ,KMRH
Bogue Field Marine Corps Auxiliary Field ,KNJM
Brunswick County Airport ,KSUT
Burlington Alamance Regional Airport ,KBUY
"Charlotte, Charlotte / Douglas International Airport ",KCLT
Cherry Point Marine Corps Air Station ,KNKT
Concord Regional Airport ,KJQF
"Currituck, Currituck County Airport ",KONX
Curtis L Brown Jr. Field Airport ,KEYF
Dare County Gunnery Range ,K2DP
Duplin County Airport ,KDPL
"Edenton, Northeastern Regional Airport ",KEDE
Elizabeth City C/G Regional Airport ,KECG
"Erwin, Harnett County Airport ",KHRJ
"Fayetteville, Fayetteville Regional Airport ",KFAY
Fort Bragg / Simmons Army Airfield ,KFBG
Franklin County Airport ,KLHZ
Gastonia Municipal Airport ,KAKH
"Goldsboro, Goldsboro-Wayne Municipal Airport ",KGWW
"Greensboro, Piedmont Triad International Airport ",KGSO
Halifax-Northampton Regional Airport ,KIXA
"Hatteras, Mitchell Field ",KHSE
Henderson-Oxford Airport ,KHNZ
"Hickory, Hickory Regional Airport ",KHKY
Hyde County Airport ,K7W6
Jackson County Airport ,K24A
"Jacksonville, Albert J Ellis Airport ",KOAJ
Jefferson - Ashe County Airport ,KGEV
"Kill Devil Hills, First Flight Airport ",KFFA
"Kinston, Kinston Regional Jetport at Stallings Field ",KISO
Laurinburg Maxton Airport ,KMEB
"Lexington, Davidson County Airport ",KEXX
"Lincolnton, Lincolnton-Lincoln County Regional Airport ",KIPJ
Mackall U. S. Army Airfield ,KHFF
Macon County Airport ,K1A5
Manteo / Dare County Regional ,KMQI
MCAS New River ,KNCA
"Monroe, Monroe Airport ",KEQY
Morganton-Lenoir Airport ,KMRN
Mount Airy/Surry County Airport ,KMWK
"New Bern, Craven County Regional Airport ",KEWN
"North Wilkesboro, Wilkes County Airport ",KUKF
"Pinehurst/Southern Pines, Moore County Airport ",KSOP
"Piney Island, Bt-11 Bombing Range ",KNBT
Pitt-Greenville Airport ,KPGV
Pope Air Force Base ,KPOB
"Raleigh / Durham, Raleigh-Durham International Airport ",KRDU
"Reidsville, Rockingham County NC Shiloh Airport ",KSIF
Rockingham-Hamlet Airport ,KRCZ
"Rocky Mount, Rocky Mount-Wilson Regional Airport ",KRWI
Rowan County Airport ,KRUQ
"Roxboro, Person County Airport ",KTDF
"Rutherfordton, Rutherford County-Marchman Field Airport ",KFQD
Sampson County Airport ,KCTZ
"Sanford, Sanford-Lee County Regional Airport ",KTTA
Seymour-Johnson Air Force Base ,KGSB
Shelby Municipal Airport ,KEHO
Siler City Municipal Airport ,KSCR
"Smithfield, Johnston County Airport ",KJNX
Statesville Municipal Airport ,KSVH
"Washington, Warren Field Airport ",KOCW
Watauga County Hospital Heliport ,KTNB
"Whiteville, Columbus County Municipal Airport ",KCPC
Wilmington International Airport ,KILM
"Winston Salem, Smith Reynolds Airport ",KINT
BEACH ,K20U
"Bismarck, Bismarck Municipal Airport ",KBIS
CANDO ,K9D7
CARRINGTON ,K46D
CAVALIER ,K2C8
Cooperstown ,KS32
CROSBY ,KD50
"Devils Lake, Devils Lake Municipal Airport ",KDVL
"Dickinson, Dickinson Municipal Airport ",KDIK
"Fargo, Hector International Airport ",KFAR
Garrison ,KN60
Glen Ullin Regional Airport ,KD57
GRAFTON ,KGAF
Grand Forks Air Force Base ,KRDR
"Grand Forks, Grand Forks International Airport ",KGFK
Gwinner ,KGWR
Harvey Municipal Airport ,K5H4
HAZEN ,KHZE
"Hettinger, Hettinger Municipal Airport ",KHEI
"Jamestown, Jamestown Municipal Airport ",KJMS
Langdon ,KD55
LINTON ,K7L2
MANDAN ,KY19
Minot Air Force Base ,KMIB
Minot International Airport ,KMOT
Oakes Municipal Airport ,K2D5
ROLLA ,K06D
RUGBY ,KRUG
Stanley Municipal Airport ,K08D
TIOGA ,KD60
"Wahpeton, Harry Stern Airport ",KBWP
Walhalla Municipal Airport ,K96D
WATFORD CITY ,KS25
"Williston, Sloulin Field International Airport ",KISN
Ainsworth Regional Airport ,KANW
Albion Municipal Airport ,KBVN
"Alliance, Alliance Municipal Airport ",KAIA
"Aurora, Aurora Municipal Airport ",KAUH
Beatrice Municipal ,KBIE
Blair Municipal Airport ,KBTA
Bravo (Pine Bluffs) ,K1BW
Brewster Field Airport ,KHDE
"Broken Bow, Broken Bow Municipal Airport ",KBBW
"Chadron, Chadron Municipal Airport ",KCDR
"Columbus, Columbus Municipal Airport ",KOLU
"Falls City, Brenner Field Airport ",KFNB
Fremont Municipal Airport ,KFET
Gordon Municipal ,KGRN
"Grand Island, Central Nebraska Regional Airport ",KGRI
"Hastings, Hastings Municipal Airport ",KHSI
"Hebron, Hebron Municipal Airport ",KHJH
"Imperial, Imperial Municipal Airport ",KIML
"Kearney, Kearney Municipal Airport ",KEAR
"Kimball, Kimball Municipal Airport/Robert E Arraj Field ",KIBM
"Lexington, Jim Kelly Field Airport ",KLXN
"Lincoln, Lincoln Municipal Airport ",KLNK
"McCook, McCook Municipal Airport ",KMCK
"Nebraska City, Nebraska City Municipal Airport ",KAFK
"Norfolk, Stefan Memorial Airport ",KOFK
"North Platte, North Platte Regional Airport ",KLBF
O'Neill / Baker Field ,KONL
"Ogallala, Searle Field Airport ",KOGA
Omaha - Eppley Airfield ,KOMA
Omaha / Offutt Air Force Base ,KOFF
"Omaha, Millard Airport ",KMLE
"Ord, Evelyn Sharp Field Airport ",KODX
"Plattsmouth, Plattsmouth Municipal Airport ",KPMV
"Scottsbluff, Heilig Field ",KBFF
"Sidney, Sidney Municipal Airport ",KSNY
"Tekamah, Tekamah Municipal Airport ",KTQE
"Thedford, Thomas County Airport ",KTIF
"Valentine, Miller Field ",KVTN
Wahoo ,KAHQ
"Wayne, Wayne Municipal Airport ",KLCG
"York, York Municipal Airport ",KJYR
"Berlin, Berlin Municipal Airport ",KBML
Concord Municipal Airport ,KCON
Jaffrey Airport-Silver Ranch ,KAFN
"Keene, Dillant-Hopkins Airport ",KEEN
"Laconia, Laconia Municipal Airport ",KLCI
Lebanon Municipal Airport ,KLEB
Manchester Airport ,KMHT
Mount Washington ,KMWN
Nashua - Boire Field Airport ,KASH
Pease Air Force Base / Portsmouth ,KPSM
Plymouth Municipal Airport ,K1P1
Rochester - Skyhaven Airport ,KDAW
Whitefield - Mount Washington Regional Airport ,KHIE
"Andover, Aeroflex-Andover Airport ",K12N
"Atlantic City, Atlantic City International Airport ",KACY
Belmar-Farmingdale ,KBLM
"Caldwell, Essex County Airport ",KCDW
Lakehurst Naval Air Station ,KNEL
Linden Airport ,KLDJ
Mcguire Air Force Base ,KWRI
Miller Air Park ,KMJX
"Millville, Millville Municipal Airport ",KMIV
Morristown Municipal ,KMMU
"Mount Holly, South Jersey Regional Airport ",KVAY
"Newark, Newark International Airport ",KEWR
"Somerville, Somerset Airport ",KSMQ
"Sussex, Sussex Airport ",KFWN
"Teterboro, Teterboro Airport ",KTEB
"Trenton, Mercer County Airport ",KTTN
"Wildwood, Cape May County Airport ",KWWD
Alamogordo-White ,KALM
"Albuquerque, Albuquerque International Airport ",KABQ
"Albuquerque, Double Eagle II Airport ",KAEG
Angel Fire Airport ,KAXX
Artesia Municipal Airport ,KATS
Belen Regional Airport ,KBRG
Cannon Air Force Base / Clovis ,KCVS
"Carlsbad, Cavern City Air Terminal Airport ",KCNM
Clayton Municipal Airpark ,KCAO
Clines Corners ,KCQC
Clovis Municipal Airport ,KCVN
Deming Municipal Airport ,KDMN
"Dona Ana County Jetport, Santa Teresa ",KDNA
"Farmington, Four Corners Regional Airport ",KFMN
Gallup Municipal Airport ,KGUP
Grant County Airport ,KSVC
"Grants, Grants-Milan Municipal Airport ",KGNT
Hobbs / Lea County ,KHOB
Holloman Air Force Base ,KHMN
"Las Cruces, Las Cruces International Airport ",KLRU
Las Vegas Municipal Airport ,KLVS
Los Alamos Airport ,KLAM
Moriarty Municipal Airport ,K0E0
Raton Municipal - Crews Field Airport ,KRTN
Roswell International Air Center Airport ,KROW
Santa Fe County Municipal Airport ,KSAF
Santa Rosa Route 66 Airport ,KSXU
Sierra Blanca Regional Airport ,KSRR
Socorro Municipal Airport ,KONM
"Taos, Taos Regional Airport ",KSKX
"Truth Or Consequences, Truth Or Consequences Municipal Airport ",KTCS
Tucumcari Municipal Airport ,KTCC
Battle Mountain - Lander County Airport ,KBAM
Boulder City Municipal Airport ,KBVU
Carson City Airport ,KCXP
"Elko, Elko Regional Airport ",KEKO
"Ely, Ely Airport ",KELY
Eureka Airport ASOS ,KP68
Eureka Airport AWOS ,K05U
"Fallon, Naval Air Station ",KNFL
Hawthorne Industrial Airport ,KHTH
Las Vegas - Henderson Executive Airport ,KHND
"Las Vegas, McCarran International Airport ",KLAS
"Las Vegas, North Las Vegas Airport ",KVGT
"Lovelock, Derby Field Airport ",KLOL
"Mercury, Desert Rock Airport ",KDRA
Minden-Tahoe Airport ,KMEV
Nellis AFB - Indian Springs Auxiliary Airfield ,KINS
Nellis Air Force Base ,KLSV
"Reno, Reno Tahoe International Airport ",KRNO
Reno/Stead ,KRTS
"Tonopah, Tonopah Airport ",KTPH
"Winnemucca, Winnemucca Municipal Airport ",KWMC
Albany International Airport ,KALB
"Binghamton, Binghamton Regional Airport ",KBGM
"Buffalo, Greater Buffalo International Airport ",KBUF
CATTARAUGUS COUNTY-OLEAN ,KOLE
Cortland County-Chase Field ,KN03
"Dansville, Dansville Municipal Airport ",KDSV
"Dunkirk, Chautauqua County / Dunkirk Airport ",KDKK
"East Hampton, East Hampton Airport ",KHTO
"Elmira, Elmira / Corning Regional Airport ",KELM
Farmingdale - Republic Airport ,KFRG
Fort Drum / Wheeler-Sack U. S. Army Airfield ,KGTB
"Fulton, Oswego County Airport ",KFZY
Genesee County Airport ,KGVQ
"Glens Falls, Floyd Bennett Memorial Airport ",KGFL
Griffiss Air Force Base / Rome ,KRME
"Islip, Long Island Mac Arthur Airport ",KISP
"Ithaca, Ithaca Tompkins Regional Airport ",KITH
"Jamestown, Chautauqua County/Jamestown Airport ",KJHW
JOHNSTOWN ,KNY0
"Massena, Massena International-Richards Field ",KMSS
"Montauk, Montauk Airport ",KMTP
"Montgomery, Orange County Airport ",KMGJ
"Monticello, Sullivan County International Airport ",KMSV
"New York City, Central Park ",KNYC
New York Downtown Manhattan ,KJRB
"New York, Kennedy International Airport ",KJFK
"New York, La Guardia Airport ",KLGA
Newburgh / Stewart ,KSWF
"Niagara Falls, Niagara Falls International Airport ",KIAG
Ogdensburg International Airport ,KOGS
"Penn Yan, Penn Yan Airport ",KPEO
Plattsburgh International Airport ,KPBG
POTSDAM ,KPTD
"Poughkeepsie, Dutchess County Airport ",KPOU
"Rochester, Greater Rochester International Airport ",KROC
"Saranac Lake, Adirondack Regional Airport ",KSLK
Schenectady Airport ,KSCH
"Shirley, Brookhaven Airport ",KHWV
Skaneateles Aero Drome ,K6B9
"Syracuse, Syracuse Hancock International Airport ",KSYR
The Gabreski Airport ,KFOK
"Watertown, Watertown International Airport ",KART
WAYNE ,KSDC
"Wellsville, Wellsville Municipal Airport ",KELZ
White Plains - Westchester County Airport ,KHPN
Akron Canton Regional Airport ,KCAK
"Akron, Akron Fulton International Airport ",KAKR
Ashtabula - Northeast Ohio Regional Airport ,KHZY
Batavia Clermont County Airport ,KI69
Bellefontaine Regional Airport ,KEDJ
Butler County Regional Airport ,KHAO
Cambridge Municipal Airport ,KCDI
Chillicothe Ross County Airport ,KRZT
Cincinnati W Airport ,KI67
"Cincinnati, Cincinnati Municipal Airport Lunken Field ",KLUK
Cleveland / Cuyahoga ,KCGF
Cleveland Hopkins International Airport ,KCLE
"Cleveland, Burke Lakefront Airport ",KBKL
"Columbus, Bolton Field Airport ",KTZR
"Columbus, Ohio State University Airport ",KOSU
Dayton / Wright-Patterson Air Force Base ,KFFO
"Dayton, Cox Dayton International Airport ",KDAY
"Dayton, Dayton-Wright Brothers Airport ",KMGY
"Defiance, Defiance Memorial Airport ",KDFI
Delaware Municipal Airport ,KDLZ
Fayette County Airport ,KI23
"Findlay, Findlay Airport ",KFDY
Greater Portsmouth Regional Airport ,KPMH
Hook Field Municipal Airport ,KMWO
John Glenn Columbus International Airport ,KCMH
Knox County Airfield ,K4I3
"Lancaster, Fairfield County Airport ",KLHQ
Lewis A. Jackson Regional Airport ,KI19
"Lima, Lima Allen County Airport ",KAOH
London Madison County Airport ,KUYF
"Lorain / Elyria, Lorain County Regional Airport ",KLPR
Mansfield - Mansfield Lahm Regional Airport ,KMFD
"Marion, Marion Municipal Airport ",KMNN
Marysville Union County Airport ,KMRT
Miami University Airport ,KOXD
"New Philadelphia, Harry Clever Field ",KPHD
"Newark, Newark Heath Airport ",KVTA
OHIO U/ATHEN-ALBANY ,KUNI
Ottawa Putnam County Airport ,KOWX
Port Clinton Carl R Keller Field Airport ,KPCW
Portage County Airport ,KPOV
Rickenbacker Air National Guard Base ,KLCK
"Springfield, Springfield-Beckley Municipal Airport ",KSGH
Toledo - Toledo Executive Airport ,KTDZ
Toledo - Toledo Express Airport ,KTOL
Urbana Grimes Field ,KI74
Versailles Darke County Airport ,KVES
WARREN ,KI68
Wauseon Fulton County Airport ,KUSE
Willoughby ,KLNN
"Wilmington, Airborne Airpark Airport ",KILN
"Wooster, Wayne County Airport ",KBJJ
"Youngstown, Youngstown-Warren Regional Airport ",KYNG
"Zanesville, Zanesville Municipal Airport ",KZZV
"Ada, Ada Municipal Airport ",KADH
Altus Air Force Base ,KLTS
"Altus, Altus/Quartz Mountain Regional Airport ",KAXS
"Alva, Alva Regional Airport ",KAVK
"Ardmore, Ardmore Downtown Executive Airport ",K1F0
"Ardmore, Ardmore Municipal Airport ",KADM
"Atoka, Atoka Municipal Airport ",KAQR
"Bartlesville, Bartlesville Municipal Airport ",KBVO
Blackwell-Tonkawa Municipal Airport ,KBKN
"Chandler, Chandler Municipal Airport ",KCQB
"Chickasha, Chickasha Municipal Airport ",KCHK
"Claremore, Claremore Regional Airport ",KGCM
Clarence E Page Municipal Airport ,KRCE
"Clinton, Clinton Regional Airport ",KCLK
"Clinton, Clinton-Sherman Airport ",KCSM
"Cushing, Cushing Municipal Airport ",KCUH
"Duncan, Halliburton Field Airport ",KDUC
"Durant, Eaker Field Airport ",KDUA
"El Reno, El Reno Regional Airport ",KRQO
Elk City Regional Business Airport ,KELK
"Enid, Enid Woodring Regional Airport ",KWDG
Fort Sill ,KFSI
"Frederick, Frederick Municipal Airport ",KFDR
"Gage, Gage Airport ",KGAG
"Grove, Grove Municipal Airport ",KGMJ
"Guthrie, Guthrie Municipal Airport ",KGOK
Guymon / Guymon Municipal Airport ,KGUY
"Hobart, Hobart Municipal Airport ",KHBR
Hugo Stan Stamper Municipal Airport ,KHHW
"Idabel, Mc Curtain County Regional Airport ",K4O4
"Lawton, Lawton Municipal Airport ",KLAW
"McAlester, McAlester Regional Airport ",KMLC
Muskogee-Davis Regional Airport ,KMKO
Norman / Max Westheimer ,KOUN
"Oklahoma City, Wiley Post Airport ",KPWA
"Oklahoma City, Will Rogers World Airport ",KOKC
"Okmulgee, Okmulgee Municipal Airport ",KOKM
"Ponca City, Ponca City Municipal Airport ",KPNC
"Poteau, Robert S Kerr Airport ",KRKR
"Sallisaw, Sallisaw Municipal Airport ",KJSV
"Sand Springs, William R Pogue Municipal Airport ",KOWP
"Seminole, Seminole Municipal Airport ",KSRE
"Shawnee, Shawnee Municipal Airport ",KSNL
Stigler ,KGZL
"Stillwater, Stillwater Regional Airport ",KSWO
"Tahlequah, Tahlequah Municipal Airport ",KTQH
Tinker Air Force Base ,KTIK
Tulsa - Jones Jr. Airport ,KRVS
"Tulsa, Tulsa International Airport ",KTUL
Vance Air Force Base / Enid ,KEND
"Weatherford, Thomas P Stafford Airport ",KOJA
"Woodward, West Woodward Airport ",KWWR
"Astoria, Astoria Regional Airport ",KAST
Aurora State Airport ,KUAO
Baker Municipal Airport ,KBKE
Bend Airport AWOS ,KBDN
"Brookings, Brookings Airport ",KBOK
Burns Municipal Airport ,KBNO
"Corvallis, Corvallis Municipal Airport ",KCVO
Eastern Oregon Regional Airport at Pendleton ,KPDT
"Eugene, Mahlon Sweet Field ",KEUG
Florence Municipal Airport ,K6S2
Grant County Regional Airport ,KGCD
Grants Pass Airport ,K3S8
"Hermiston, Hermiston Municipal Airport ",KHRI
Ken Jernstedt Airfield ,K4S2
Klamath Falls International Airport ,KLMT
La Grande/Union County Airport ,KLGD
Lake County Airport ,KLKV
Madras Municipal Airport ,KS33
"McMinnville, McMinnville Municipal Airport ",KMMV
Meacham ,KMEH
"Newport, Newport Municipal Airport ",KONP
Ontario Municipal Airport ,KONO
"Portland, Portland International Airport ",KPDX
"Portland, Portland-Troutdale Airport ",KTTD
Portland-Hillsboro Airport ,KHIO
Prineville Airport ,KS39
Redmond Roberts Field ,KRDM
Rogue Valley International Airport ,KMFR
Rome ,KREO
Roseburg Regional Airport ,KRBG
Salem - McNary Field ,KSLE
Scappoose Industrial Airpark ,KSPB
Sexton Summit ,KSXT
Southwest Oregon Regional Airport ,KOTH
"Tillamook, Tillamook Airport ",KTMK
Allentown Queen City Municipal Airport ,KXLL
"Allentown, Lehigh Valley International Airport ",KABE
Altoona - Blair County Airport ,KAOO
Beaver County Airport ,KBVI
"Bedford, Bedford County Airport ",KHMZ
Bradford Regional Airport ,KBFD
"Butler, Butler County Airport/K W Scholter Field ",KBTP
Chester County Airport ,KMQS
"Clearfield, Clearfield-Lawrence Airport ",KFIG
"Doylestown, Doylestown Airport ",KDYL
Du Bois - Jefferson County Airport ,KDUJ
"Erie, Erie International Airport ",KERI
"Franklin, Venango Regional Airport ",KFKL
"Harrisburg, Capital City Airport ",KCXY
"Harrisburg, Harrisburg International Airport ",KMDT
Hazleton Municipal Airport ,KHZL
Indiana / Stewart Field ,KIDI
Johnstown - Cambria County Airport ,KJST
"Lancaster, Lancaster Airport ",KLNS
Latrobe / Westmorland ,KLBE
Lehighton Jake Arner Memorial Airport ,K22N
"Mount Pocono, Pocono Mountains Municipal Airport ",KMPO
Muir Army Air Field / Indiantown ,KMUI
"New Castle, New Castle Municipal Airport ",KUCP
PERKASIE ,KCKZ
Philadelphia - Wings Field Airport ,KLOM
"Philadelphia, Northeast Philadelphia Airport ",KPNE
"Philadelphia, Philadelphia International Airport ",KPHL
Pittsburgh - Allegheny County Airport ,KAGC
"Pittsburgh, Pittsburgh International Airport ",KPIT
Port Meadville Airport ,KGKJ
"Pottstown, Pottstown Limerick Airport ",KPTW
Quakertown Airport ,KUKT
"Reading, Reading Regional Airport ",KRDG
Selinsgrove Penn Valley Airport ,KSEG
Somerset County Airport ,K2G9
St Marys Municipal Airport ,KOYM
State College - University Park Airport ,KUNV
Washington - Washington County Airport ,KAFJ
Wellsboro Johnston Airport ,KN38
"Wilkes-Barre - Scranton, Wilkes-Barre / Scranton International Airport ",KAVP
Williamsport - Lycoming County Airport ,KIPT
"York, York Airport ",KTHV
Block Island State Airport ,KBID
N. Kingston / Quonset ,KOQU
"Newport, Newport State Airport ",KUUU
"Pawtucket, North Central State Airport ",KSFZ
"Providence, Theodore Francis Green State Airport ",KPVD
"Westerly, Westerly State Airport ",KWST
Aiken Municipal Airport ,KAIK
Allendale County Airport ,KAQX
"Anderson, Anderson County Airport ",KAND
Barnwell Regional Airport ,KBNL
Beaufort County Airport ,KARW
"Beaufort, Marine Corps Air Station ",KNBC
Camden Woodward Field ,KCDN
Charleston Executive Airport ,KJZI
"Charleston, Charleston Air Force Base ",KCHS
Cheraw Municipal Lynch Bellinger Field ,KCQW
Chester Catawba Regional Airport ,KDCM
"Clemson, Clemson-Oconee County Airport ",KCEU
Columbia - Jim Hamilton L.B. Owens Airport ,KCUB
"Columbia, Columbia Metropolitan Airport ",KCAE
Conway Horry County Airport ,KHYW
"Darlington, Darlington County Jetport Airport ",KUDG
Florence - Florence Regional Airport ,KFLO
Georgetown County Airport ,KGGE
Greenville Downtown Airport ,KGMU
Greenville-Donaldson Center Airport ,KGYH
"Greenwood, Greenwood County Airport ",KGRD
"Greer, Greenville-Spartanburg Airport ",KGSP
Hartsville Regional Airport ,KHVS
"Hilton Head Island, Hilton Head Airport ",KHXD
Kingstree Williamsburg Regional Airport ,KCKI
Lancaster County-mc Whirter Field ,KLKR
Laurens County Airport ,KLUX
Manning / Cooper Regional ,KMNI
Marion County Airport ,KMAO
Marlboro County Jetport ,KBBP
McEntire Air National Guard Weather Facility Base ,KMMT
Moncks Corner Berkeley County ,KMKS
Mount Pleasant Regional-Faison Field ,KLRO
Myrtle Beach Air Force Base ,KMYR
Newberry County Airport ,KEOE
North Myrtle Beach Grand Strand Airport ,KCRE
"Orangeburg, Orangeburg Municipal Airport ",KOGB
Pickens County Airport ,KLQK
"Rock Hill, Rock Hill - York County Airport ",KUZA
Shaw Air Force Base ,KSSC
Spartanburg Memorial ,KSPA
Summerville Airport ,KDYB
Sumter Airport ,KSMS
Walterboro Lowcountry Regional Airport ,KRBW
Winnsboro/Fairfield County Airport ,KFDW
"Aberdeen, Aberdeen Regional Airport ",KABR
"Brookings, Brookings Municipal Airport ",KBKX
Buffalo ,K2WX
"Chamberlain, Chamberlain Municipal Airport ",K9V9
"Custer, Custer County Airport ",KCUT
Ellsworth Air Force Base ,KRCA
Faith ,KD07
"Huron, Huron Regional Airport ",KHON
Madison Municipal Airport ,KMDS
"Mitchell, Mitchell Municipal Airport ",KMHE
"Mobridge, Mobridge Municipal Airport ",KMBG
"Philip, Philip Airport ",KPHP
"Pierre, Pierre Regional Airport ",KPIR
"Pine Ridge, Pine Ridge Airport ",KIEN
"Rapid City, Rapid City Regional Airport ",KRAP
"Sioux Falls, Foss Field ",KFSD
"Sisseton, Sisseton Municipal Airport ",K8D3
Spearfish / Clyde Ice ,KSPF
"Watertown, Watertown Municipal Airport ",KATY
"Winner, Bob Wiley Field Airport ",KICR
"Yankton, Chan Gurney Municipal Airport ",KYKN
Athens McMinn County Airport ,KMMI
"Bristol / Johnson / Kingsport, Tri-City Regional Airport ",KTRI
"Chattanooga, Lovell Field ",KCHA
Clarksville Outlaw Field ,KCKV
Cleveland Regional Jetport ,KRZR
Columbia / Maury County ,KMRC
COVINGTON MUNI ,KM04
"Crossville, Crossville Memorial-Whitson Field Airport ",KCSV
Dayton ,K2A0
Dickson Municipal Airport ,KM02
"Dyersburg, Dyersburg Municipal Airport ",KDYR
Elizabethton Municipal Airport ,K0A9
Ellington Airport ,KLUG
Fayetteville Municipal Airport ,KFYM
Greeneville-Greene County Municipal Airport ,KGCY
Huntingdon Carroll County Airport ,KHZD
Jacksboro Campbell County Airport ,KJAU
"Jackson, McKellar-Sipes Regional Airport ",KMKL
John C Tune Airport ,KJWN
Knoxville Downtown Airport ,KDKX
"Knoxville, McGhee Tyson Airport ",KTYS
Lawrenceburg-Lawrence County Airport ,K2M2
Lebanon Municipal Airport ,KM54
Lexington-Parsons Beech River Regional Airport ,KPVE
Livingston Municipal Airport ,K8A3
McMinnville Warren County Memorial Airport ,KRNC
Memphis International Airport ,KMEM
"Millington, Millington Municipal Airport ",KNQA
Monroe County Airport ,KMNV
Morristown Moore-Murrell Airport ,KMOR
Murfreesboro Municipal Airport ,KMBT
"Nashville, Nashville International Airport ",KBNA
Oak Ridge ,KOQT
Paris - Henry County Airport ,KPHT
Pulaski Abernathy Field Airport ,KGZS
Rockwood Municipal Airport ,KRKW
SAVANNAH/HARDIN CO ,KSNH
SELMER/ROBERT SIBLEY ,KSZY
Sevierville Gatlinburg - Pigeon Forge Airport ,KGKT
Shelbyville Bomar Field & Shelbyville Municipal Airport ,KSYI
"Smyrna, Smyrna Airport ",KMQY
Somerville - Fayette County Airport ,KFYE
Sparta Upper Cumberland Regional Airport ,KSRB
Springfield Robertson County Airport ,KM91
Sumner County Regional Airport ,KXNX
Tullahoma Regional Airport/William Northern Field ,KTHA
Union City - Everett-Stewart Regional Airport ,KUCY
Winchester Municipal Airport ,KBGF
"Abilene, Abilene Regional Airport ",KABI
"Abilene, Dyess Air Force Base ",KDYS
Alaminos Canyon 25/H-D (ExxonMobil) ,KHHV
"Alice, Alice International Airport ",KALI
"Alpine, Alpine-Casparis Municipal Airport ",KE38
"Amarillo, Amarillo International Airport ",KAMA
Andrews County Airport ,KE11
"Angleton / Lake Jackson, Brazoria County Airport ",KLBX
Arlington Municipal Airport ,KGKY
Athens Municipal Airport ,KF44
"Austin City, Austin Camp Mabry ",KATT
Austin Executive Airport ,KEDC
Austin-Bergstrom International Airport ,KAUS
"Bay City, Bay City Municipal Airport ",KBYY
Beaumont Municipal Airport ,KBMT
Beaumont/Port Arthur Southeast Texas Regional Airport ,KBPT
Beeville Municipal Airport ,KBEA
"Big Spring, Big Spring McMahon-Wrinkle Airport ",KBPG
"Borger, Hutchinson County Airport ",KBGD
Bowie Municipal Airport ,K0F2
"Brady, Curtis Field Airport ",KBBD
BRAZOS 133 OIL PLATFORM ,KBBF
BRAZOS 451 OIL PLATFORM ,KBQX
"Brenham, Brenham Municipal Airport ",K11R
"Bridgeport, Bridgeport Municipal Airport ",KXBP
"Brownsville, Brownsville / South Padre Island International Airport ",KBRO
"Brownwood, Brownwood Regional Airport ",KBWD
Bryan Coulter Field ,KCFD
"Burnet, Burnet Municipal Craddock Field ",KBMQ
"Caldwell, Caldwell Municipal Airport ",KRWV
Cameron (Milam Co) Municipal Airpark ,KT35
"Canadian, Hemphill County Airport ",KHHF
Carrizo Springs Dimmit County Airport ,KCZT
Castroville Municipal Airport ,KCVB
Center Municipal Airport ,KF17
"Childress, Childress Municipal Airport ",KCDS
"Cleburne, Cleburne Municipal Airport ",KCPT
Cleveland ,K6R3
COLEMAN ,KCOM
"College Station, Easterwood Field ",KCLL
"Comanche, Comanche County-City Airport ",KMKN
"Conroe, Montgomery County Airport ",KCXO
"Corpus Christi, Corpus Christi International Airport ",KCRP
"Corpus Christi, Corpus Christi Naval Air Station/Truax Field ",KNGP
"Corsicana, Campbell Field-Corsicana Municipal Airport ",KCRS
"Cotulla, Cotulla-La Salle County Airport ",KCOT
"Crockett, Houston County Airport ",KDKR
"Dalhart, Dalhart Municipal Airport ",KDHT
Dallas / Addison Airport ,KADS
Dallas Love Field ,KDAL
"Dallas, Redbird Airport ",KRBD
Dallas/Fort Worth International Airport ,KDFW
"Decatur, Decatur Municipal Airport ",KLUD
"Del Rio, Del Rio International Airport ",KDRT
Denton Enterprise Airport ,KDTO
Dryden - Terrell County Airport ,K6R6
"Dumas, Moore County Airport ",KDUX
E BREAKS OIL PLATFORM ,KEMK
Eagle Lake ,KELA
East Breaks 643/Boomvang Spar ,KVAF
Eastland Municipal Airport ,KETN
"Edinburg, Edinburg International Airport ",KEBG
"El Paso, El Paso International Airport ",KELP
Faith Ranch Airport ,KFTN
"Falfurrias, Brooks County Airport ",KBKS
"Fort Hood, Hood AAF Ft Hood ",KHLR
"Fort Hood, Robert Gray AAF Ft Hood ",KGRK
"Fort Stockton, Fort Stockton-Pecos County Airport ",KFST
Fort Worth Spinks Airport ,KFWS
"Fort Worth, Fort Worth Alliance Airport ",KAFW
"Fort Worth, Meacham International Airport ",KFTW
"Fort Worth, Naval Air Station ",KNFW
"Fredericksburg, Gillespie County Airport ",KT82
"Gainesville, Gainesville Municipal Airport ",KGLE
"Galveston, Scholes Field ",KGLS
"Gatesville, City-County Airport ",KGOP
"Georgetown, Georgetown Municipal Airport ",KGTU
"Giddings, Giddings-Lee County Airport ",KGYB
"Gilmer, Fox Stephens Field - Gilmer Municipal Airport ",KJXI
Gonzales Roger M. Dreyer Memorial ,KT20
"Graham, Graham Municipal Airport ",KRPH
"Granbury, Granbury Municipal Airport ",KGDJ
"Grand Prairie, Grand Prairie Municipal Airport ",KGPM
Greenville / Majors ,KGVT
Gregory M Simmons Memorial Airport ,KGZN
GUNNISON OIL PLATFORM ,KGUL
H ISLAND376 OIL PLATFORM ,KHQI
Hamilton Municipal Airport ,KMNZ
"Harlingen, Rio Grande Valley International Airport ",KHRL
"Hearne, Hearne Municipal Airport ",KLHB
"Hebbronville, Jim Hogg County Airport ",KHBV
Hereford Municipal Airport ,KHRX
"Hillsboro, Hillsboro Municipal Airport ",KINJ
Horseshoe Bay Resort Airpark ,KDZB
Houston / Ellington ,KEFD
Houston Executive Airport ,KTME
Houston Intercontinental Airport ,KIAH
Houston Southwest Airport ,KAXH
"Houston, Hooks Memorial Airport ",KDWH
"Houston, Houston Hobby Airport ",KHOU
"Houston, Pearland Regional Airport ",KLVJ
"Houston, Sugar Land Municipal / Hull Field Airport ",KSGR
"Huntsville, Huntsville Municipal Airport ",KUTS
"Jacksonville, Cherokee County Airport ",KJSO
"Jasper, Jasper County-Bell Field Airport ",KJAS
John Dunn Helistop ,KMCJ
Jones Field - Bonham ,KF00
"Junction, Kimble County Airport ",KJCT
Kelly Air Force Base ,KSKF
"Kerrville, Kerrville Municipal Airport/Louis Schreiner Field ",KERV
Kickapoo Downtown Airport ,KCWC
"Killeen, Skylark Field Airport ",KILE
"Kingsville, Naval Air Station ",KNQI
Kleberg County Airport ,KIKG
"La Grange, Fayette Regional Air Center Airport ",K3T5
"Lago Vista TX, Rusty Allen Airport ",KRYW
Lamesa Municipal Airport ,KLUV
"Lampasas, Lampasas Airport ",KLZZ
Lancaster Airport ,KLNC
"Laredo, Laredo International Airport ",KLRD
Laughlin Air Force Base Auxiliary Airfield ,KDLF
Laughlin Air Force Base Auxiliary Nr 1 Airport ,KT70
"Llano, Llano Municipal Airport ",KAQO
Longview - East Texas Regional Airport ,KGGG
"Lubbock, Lubbock International Airport ",KLBB
"Lufkin, Angelina County Airport ",KLFK
Marfa ,KMRF
Marshall ,KASL
Maverick County Memorial International Airport ,K5T9
Mc Campbell ,KTFP
"McAllen, Miller International Airport ",KMFE
McKinney - McKinney National Airport ,KTKI
Mesa Vista Ranch AP ,KBPC
"Mesquite, Mesquite Metro Airport ",KHQZ
Mexia Limestone County Airport ,KLXY
Mid Valley Airport ,KTXW
"Midland, Midland Airpark ",KMDD
"Midland, Midland International Airport ",KMAF
"Midlothian/Waxahachie, Mid-Way Regional Airport ",KJWY
"Mineola/Quitman, Wood County Airport ",KJDD
"Mineral Wells, Mineral Wells Airport ",KMWL
"Mount Pleasant, Mount Pleasant Regional Airport ",KOSA
"Nacogdoches, A L Mangham Jr. Regional Airport ",KOCH
New Braunfels Regional Airport ,KBAZ
"Odessa, Odessa-Schlemeyer Field ",KODO
Orange Grove NALF ,KNOG
"Orange, Orange County Airport ",KORG
Ozona Municipal Airport ,KOZA
Palacios Municipal Airport ,KPSX
"Palestine, Palestine Municipal Airport ",KPSN
"Pampa, Perry Lefors Field Airport ",KPPA
Paris / Cox Field ,KPRX
"Pecos, Pecos Municipal Airport ",KPEQ
"Perryton, Perryton Ochiltree County Airport ",KPYX
"Pine Springs, Guadalupe Mountains National Park ",KGDP
"Plainview, Hale County Airport ",KPVW
Pleasanton Municipal Airport ,KPEZ
"Port Aransas, Mustang Beach Airport ",KRAS
"Port Isabel, Port Isabel-Cameron County Airport ",KPIL
Port Lavaca - Calhoun County Airport ,KPKV
Presidio Lely International Airport ,KPRS
Randolph Air Force Base ,KRND
Ranger ,K6P9
Robert R Wells Jr Airport ,K66R
Rockport Aransas County Airport ,KRKP
"Rocksprings, Edwards County Airport ",KECU
Rockwall Municipal Airport ,KF46
Rusk County Airport ,KRFI
"San Angelo, Mathis Field ",KSJT
San Antonio Boerne Stage Field ,K5C1
"San Antonio, San Antonio International Airport ",KSAT
"San Antonio, Stinson Municipal Airport ",KSSF
"San Marcos, San Marcos Municipal Airport ",KHYI
"Seminole, Gaines County Airport ",KGNC
"Sherman/Denison, Grayson County Airport ",KGYI
"Snyder, Winston Field Airport ",KSNK
"Sonora, Sonora Municipal Airport ",KSOA
Stephens County Airport ,KBKD
"Stephenville, Clark Field Municipal Airport ",KSEP
"Sulphur Springs, Sulphur Springs Municipal Airport ",KSLR
"Sweetwater, Avenger Field Airport ",KSWW
"Temple, Draughon-Miller Central Texas Regional Airport ",KTPL
"Terrell, Terrell Municipal Airport ",KTRL
"Tyler, Tyler Pounds Field ",KTYR
"Uvalde, Garner Field Airport ",KUVA
"Vernon, Wilbarger County Airport ",KF05
"Victoria, Victoria Regional Airport ",KVCT
"Waco, Mc Gregor Executive Airport ",KPWG
"Waco, Waco Regional Airport ",KACT
Waco-James Connally Airport ,KCNW
"Wharton, Wharton Regional Airport ",KARM
"Wichita Falls, Sheppard Air Force Base ",KSPS
"Wink, Winkler County Airport ",KINK
"Zapata, TX ",KAPY
BLANDING ,KBDG
Bolinder Field-Tooele Valley Airport ,KTVY
BRIGHAM CITY AIRPORT ,KBMC
Bryce Canyon Airport ,KBCE
Cedar City Municipal Airport ,KCDC
"Delta, Delta Municipal Airport ",KDTA
Hanksville ,KHVE
Heber City Municipal-Russ McDonald Field Airport ,KHCR
Hill Air Force Base ,KHIF
Logan-Cache Airport ,KLGU
Michael Army Airfield - Dugway Proving Ground ,KDPG
Milford Municipal Airport ,KMLF
"Moab, Canyonlands Field ",KCNY
Ogden-Hinckley Airport ,KOGD
Price - Carbon County Regional Airport ,KPUC
"Provo, Provo Municipal Airport ",KPVU
ROOSEVELT ,K74V
"Salt Lake City, Salt Lake City International Airport ",KSLC
"Salt Lake City, Salt Lake City Municipal 2 Airport ",KU42
St George Municipal Airport ,KSGU
Vernal Airport ,KVEL
Wendover / Air Force Auxillary Field ,KENV
Abingdon ,KVJI
"Ashland, Hanover County Municipal Airport ",KOFP
Bridgewater Air Park ,KVBW
Brookneal/Campbell County Airport ,K0V4
Charlottesville-Albemarle Airport ,KCHO
Chase City Municipal Airport ,KCXE
"Chesapeake, Chesapeake Municipal Airport ",KCPK
Chesterfield County Airport ,KFCI
Clarksville / Marks ,KW63
Crewe Municipal Airport ,KW81
Culpeper Regional Airport ,KCJR
"Danville, Danville Regional Airport ",KDAN
Dublin / New River Valley ,KPSK
Eagles Nest Airport ,KW13
"Emporia, Emporia-Greensville Regional Airport ",KEMV
Farmville ,KFVX
"Fentress, Naval Auxiliary Landing Field ",KNFE
Fort Belvoir ,KDAA
Fort Eustis / Felker ,KFAF
Franklin / J B Rose ,KFKN
"Fredericksburg, Shannon Airport ",KEZF
Front Royal-warren County Airport ,KFRR
Ft. Pickett / Blackstone ,KBKT
Gordonsville Municipal Airport ,KGVE
Hillsville ,KHLX
Hot Springs / Ingalls ,KHSP
Lake Anna Airport ,K7W4
Langley Air Force Base ,KLFI
Lawrenceville/Brunswick Municipal Airport ,KLVL
Lee County Airport ,K0VG
Leesburg / Godfrey ,KJYO
"Louisa, Louisa County Airport/Freeman Field ",KLKU
Lunenburg County Airport ,KW31
Luray Caverns ,KLUA
"Lynchburg, Lynchburg Regional Airport ",KLYH
"Manassas, Manassas Regional Airport/Harry P. Davis Field ",KHEF
Marion / Wytheville ,KMKJ
Martinsville ,KMTV
Melfa / Accomack Airport ,KMFV
New Kent County ,KW96
New Market Airport ,K8W2
"Newport News, Newport News / Williamsburg International Airport ",KPHF
Norfolk Hampton Roads Executive Airport ,KPVG
"Norfolk, Naval Air Station ",KNGU
"Norfolk, Norfolk International Airport ",KORF
"Orange, Orange County Airport ",KOMH
"Petersburg, Dinwiddie County Airport ",KPTB
Quantico Marine Corps Airfield - Turner Field ,KNYG
"Richmond, Richmond International Airport ",KRIC
"Roanoke, Roanoke Regional Airport ",KROA
Saluda Hummel Field ,KW75
"South Hill, Mecklenburg-Brunswick Regional Airport ",KAVC
"Stafford, Stafford Regional Airport ",KRMN
Staunton / Shenandoah ,KSHD
"Suffolk, Suffolk Municipal Airport ",KSFQ
Tangier Island Airport ,KTGI
Tappahannock-Essex County Airport ,KXSA
Tazewell County Airport ,KJFZ
"Virginia Beach, Oceana, Naval Air Station ",KNTU
Virginia Tech Airport ,KBCB
Wakefield Municipal Airport ,KAKQ
Wallops Flight Facility Airport ,KWAL
Warrenton-Fauquier Airport ,KHWY
"Washington/Dulles International Airport, DC ",KIAD
"Washington/Reagan National Airport, DC ",KDCA
"West Point, Middle Peninsula Regional Airport ",KFYJ
William M Tuck Airport ,KW78
Williamsburg-Jamestown Airport ,KJGG
Winchester Regional ,KOKV
Wise / Lonesome Pine ,KLNP
"Barre / Montpelier, Knapp State Airport ",KMPV
Bennington Morse State Airport ,KDDH
"Burlington, Burlington International Airport ",KBTV
Caledonia County Airport ,KCDA
Franklin County State Airport ,KFSO
Middlebury State Airport ,K6B0
Morrisville-Stowe State Airport ,KMVL
NEWPORT ,KEFK
Rutland-Southern Vermont Regional Airport ,KRUT
"Springfield, Hartness State Springfield Airport ",KVSF
St. Johnsbury - Fairbanks ,K1V4
Arlington Municipal Airport ,KAWO
"Bellingham, Bellingham International Airport ",KBLI
Boeing Field - King County International Airport ,KBFI
"Bremerton, Bremerton National Airport ",KPWT
"Burlington/Mount Vernon, Skagit Regional Airport ",KBVS
Chehalis-Centralia Airport ,KCLS
"Deer Park, Deer Park Airport ",KDEW
"Eastsound, Orcas Island Airport ",KORS
"Ellensburg, Ellensburg Bowers Field ",KELN
"Ephrata, Ephrata Municipal Airport ",KEPH
Everett Snohomish County ,KPAE
Fairchild Air Force Base ,KSKA
Fort Lewis / Gray U. S. Army Airfield ,KGRF
Friday Harbor Airport ,KFHR
Grant County Airport ,KMWH
"Hoquiam, Bowerman Airport ",KHQM
"Olympia, Olympia Airport ",KOLM
Omak Airport ,KOMK
Pearson Airfield ,KVUO
Pierce County-Thun Field ,KPLU
Port Angeles Coast Guard Air Station ,KNOW
Port Angeles Fairchild International Airport ,KCLM
Port Townsend Jefferson County International Airport ,K0S9
Pullman / Moscow Regional Airport ,KPUW
"Quillayute, Quillayute State Airport ",KUIL
Renton Municipal Airport ,KRNT
Richland Airport ,KRLD
"Seattle, Seattle-Tacoma International Airport ",KSEA
"Shelton, Shelton Sanderson Field ",KSHN
Southwest Washington Regional Airport ,KKLS
"Spokane, Felts Field ",KSFF
"Spokane, Spokane International Airport ",KGEG
Stampede Pass ,KSMP
Sunnyside Municipal Airport ,K1S5
Tacoma / McChord Air Force Base ,KTCM
"Tacoma, Tacoma Narrows Airport ",KTIW
The Dalles Municipal Airport ,KDLS
Tri-Cities Airport ,KPSC
Walla Walla Regional Airport ,KALW
Wenatchee - Pangborn Memorial Airport ,KEAT
Whidbey Island Naval Air Station - Ault Field ,KNUW
Yakima Air Terminal - McAllister Field ,KYKM
Appleton-Outagamie ,KATW
Baraboo Wisconsin Dells Airport ,KDLL
Black River Falls Area Airport ,KBCK
"Boscobel, Boscobel Airport ",KOVS
Burlington Municipal Airport ,KBUU
Chetek Municipal Southworth Airport ,KY23
Chippewa Valley Regional Airport ,KEAU
Clintonville Municipal Airport ,KCLI
Cumberland ,KUBE
Door County Cherryland Airport ,KSUE
Eagle River Union Airport ,KEGV
East Troy Municipal Airport ,K57C
Ephraim-Gibraltar Airport ,K3D2
Fond Du Lac County Airport ,KFLD
"Green Bay, Austin Straubel International Airport ",KGRB
Iowa County Airport ,KMRJ
Janesville-Rock County ,KJVL
John F Kennedy Memorial Airport ,KASX
"Juneau, Dodge County Airport ",KUNU
"Kenosha, Kenosha Regional Airport ",KENW
L O Simenstad Municipal Airport ,KOEO
La Crosse - La Crosse Regional Airport ,KLSE
La Pointe - Major Gilbert Field ,K4R5
Ladysmith - Rusk County Airport ,KRCX
"Land O' Lakes, Kings Land O' Lakes Airport ",KLNL
Langlade County Airport ,KAIG
Lone Rock Tri-County Regional Airport ,KLNR
"Madison, Dane County Regional-Truax Field ",KMSN
Manitowish Waters Airport ,KD25
"Manitowoc, Manitowoc County Airport ",KMTW
"Marshfield, Marshfield Municipal Airport ",KMFI
Menomonie Municipal Airport-Score Field ,KLUM
"Merrill, Merrill Municipal Airport ",KRRL
Middleton Muni - Morey Field ,KC29
"Milwaukee, General Mitchell International Airport ",KMKE
Milwaukee-Timmerman ,KMWC
"Minocqua/Woodruff, Lakeland Airport/Noble F. Lee Memorial Field ",KARV
Monroe Municipal Airport ,KEFT
Mosinee ,KCWA
New Lisbon Mauston Airport ,K82C
New Richmond Municipal Airport ,KRNH
Oconto J. Douglas Bake Memorial Airport ,KOCQ
Phillips / Price County ,KPBH
Platteville Municipal Airport ,KPVB
Prairie Du Chien Municipal Airport ,KPDC
"Racine, Batten International Airport ",KRAC
Red Wing - Red Wing Regional Airport ,KRGK
Reedsburg Municipal Airport ,KC35
"Rhinelander, Rhinelander-Oneida County Airport ",KRHI
"Rice Lake, Rice Lake Regional-Carl's Field Airport ",KRPD
Richard I. Bong Airport ,KSUW
Sawyer County Airport ,KHYR
Shawano Municipal Airport ,KEZS
Sheboygan County Memorial Airport ,KSBM
"Siren, Burnett County Airport ",KRZN
Solon Springs Municipal Airport ,KOLG
"Sparta, Sparta / Fort McCoy Airport ",KCMY
Stevens Point Municipal Airport ,KSTE
Taylor County Airport ,KMDZ
Tomahawk Regional Airport ,KTKV
Viroqua Municipal Airport ,KY51
Volk / Camp Douglas ,KVOK
Washington Island ,K2P2
Watertown ,KRYV
Waukesha County Airport ,KUES
Waupaca Municipal Airport ,KPCZ
Wausau Downtown Airport ,KAUW
"Wautoma, Wautoma Municipal Airport ",KY50
West Bend Municipal Airport ,KETB
"Wisconsin Rapids, Alexander Field South Wood County Airport ",KISW
Wittman Regional Airport ,KOSH
"Beckley, Raleigh County Memorial Airport ",KBKW
"Bluefield, Mercer County Airport ",KBLF
"Buckhannon, Upshur County Regional Airport ",KW22
"Charleston, Yeager Airport ",KCRW
"Clarksburg, Clarksburg Benedum Airport ",KCKB
"Cumberland, Greater Cumberland Regional Airport ",KCBE
Eastern WV Regional Airport/Shepherd Field ,KMRB
"Elkins, Elkins-Randolph County-Jennings Randolph Field ",KEKN
"Huntington, Tri-State Airport ",KHTS
Lewisburg / Greenbrier ,KLWB
Logan County Airport ,K6L4
Morgantown Municipal-Hart Field ,KMGW
"Parkersburg, Mid-Ohio Valley Regional Airport ",KPKB
"Petersburg, Grant County Airport ",KW99
"Pineville, Kee Field Airport ",KI16
"Wheeling, Wheeling Ohio County Airport ",KHLG
Afton WY ,KAFO
Alpine ,K46U
Big Piney - Marbleton Airport ,KBPI
Boysen ,KTBX
Buffalo - Johnson County Airport ,KBYG
"Casper, Natrona County International Airport ",KCPR
"Cheyenne, Cheyenne Airport ",KCYS
Cody ,KCOD
Cowley WY ,KU68
Dixon Airport ,KDWX
"Douglas, Converse County Airport ",KDGW
Dubois Municipal Airport ,KDUB
Elk Mountain AWOS ,KEHY
"Evanston, Evanston-Uinta County Burns Field ",KEVW
Fort Bridger WY ,KFBR
"Gillette, Gillette-Campbell County Airport ",KGCC
Hot Springs County Airport ,KHSG
Hulett Municipal Airport ,KW43
"Jackson, Jackson Hole Airport ",KJAC
KEMMERER ,KEMM
Lander ,KLND
Laramie Regional Airport ,KLAR
Mondell Field ,KECS
Pine Bluffs Municipal Airport ,K82V
"Pinedale, Ralph Wenz Field Airport ",KPNA
Powell Municipal Airport ,KPOY
Rawlins Municipal Airport ,KRWL
Riverton Regional Airport ,KRIW
"Rock Springs, Rock Springs-Sweetwater County Airport ",KRKS
Saratoga WY ,KSAA
Sheridan County Airport ,KSHR
South Big Horn County Airport ,KGEY
South Pass ,KFWZ
Torrington Municipal Airport ,KTOR
"Worland, Worland Municipal Airport ",KWRL
Yellowstone Lake ,KP60
